threshold_pct,wave_label,direction,volume_trend,period,ret_fixed_24h,ret_fixed_72h,ret_fixed_168h,ret_fractal,fractal_horizon_h
0.05,1,up,flat,train,-0.0037715941074688564,-0.07650295048727296,-0.05756662020764114,-0.07735761837408395,120.0
0.05,2,up,flat,train,0.03659470325556824,0.042114666376247056,0.11759145940697024,0.11694365112241734,264.0
0.05,3,up,flat,train,-0.005344450134205925,-0.04468266597014814,-0.046274439720797034,-0.046323929188819446,96.0
0.05,4,up,falling,train,0.022497364413383236,0.11800515754050434,0.3066079274377649,0.11800515754050434,72.0
0.05,5,up,flat,train,-0.012277500142081954,-0.05982530693244725,-0.014608251190404209,-0.024979425924124388,192.0
0.05,A,up,flat,train,-0.055737778449544084,-0.07831613104820545,-0.07020373616822073,-0.08327242833595738,96.0
0.05,B,up,falling,train,0.008427178807501656,0.04535351473546556,0.1016641401475562,0.05858460038284696,120.0
0.05,C,up,falling,train,-0.051570311706692795,-0.09468004951557574,-0.07510781885532314,-0.05533103416296903,192.0
0.05,A,down,falling,train,0.006040034602026845,0.022072449537523298,0.07610913889692483,0.11976213244253531,96.0
0.05,B,down,falling,train,-0.08565461109324013,-0.038984166619735805,-0.14392298619403565,-0.07919468867085355,120.0
0.05,C,down,rising,train,0.012682784807336756,0.04315348269108399,-0.08832839295521999,-0.03810078371351333,192.0
0.05,A,down,flat,train,0.05509397117732062,0.03202066149560956,0.06880197118342757,0.06864878358358228,96.0
0.05,B,down,falling,train,-0.0010195322724255718,-0.003123746301052388,-0.05655546678462153,-0.05546392718802262,120.0
0.05,C,down,rising,train,0.08248986859638285,0.09297700141898613,0.09595778942141253,0.10103626603565652,192.0
0.05,A,up,flat,train,-0.03926376743086735,-0.0241462724622733,-0.054630146895568665,-0.02021873187082357,96.0
0.05,B,up,falling,train,0.02740549252649127,0.04157126925517107,0.04093386348679684,0.08645172858139283,120.0
0.05,C,up,falling,train,-0.014871169427051911,-0.0381762868322143,-0.05188496606380999,-0.04891254573564685,192.0
0.05,A,up,flat,train,-0.010018299215092896,-0.019529722677271044,-0.016770251061896446,-0.017019520552227774,96.0
0.05,B,up,falling,train,0.014511164313284697,0.013809369406183825,0.034655343191034804,0.04342422613786279,120.0
0.05,C,up,rising,train,-0.040757709679773546,-0.048200196239022386,-0.07340555794322046,-0.08765397059658275,192.0
0.05,A,down,flat,train,0.009108225300174189,0.031880636060812595,0.026650334676473264,0.02280936096469599,96.0
0.05,B,down,rising,train,-0.012403766823190443,-0.015803849156256877,-0.06916917053706095,-0.04351097574932483,120.0
0.05,C,down,rising,train,0.005987886595336889,0.029263203675310878,0.10592209875149905,0.12145610427694398,192.0
0.05,1,down,rising,train,0.007042690260697038,0.038713654268274444,0.04311686261538927,0.01084640075773513,120.0
0.05,2,down,falling,train,-0.0038454554660465323,-0.03949950589607398,-0.035014159656676425,-0.11526414481609915,264.0
0.05,3,down,rising,train,0.024821213623168026,0.03093417357029904,0.07171280889329457,0.06783261346739367,96.0
0.05,4,down,rising,train,-0.004886605139749478,-0.010719216741686632,0.00812317354510439,-0.010719216741686632,72.0
0.05,5,down,rising,holdout,0.05799051513128606,0.06708481679276068,0.05046427644266438,0.07408025515502148,192.0
0.05,A,up,falling,holdout,-0.014525266428557004,-0.04493938261998509,-0.015118221818831823,-0.03260184329922944,96.0
0.05,B,up,flat,holdout,0.03080920954917099,0.03688474263480512,0.019996047102631476,0.023151348019867513,120.0
0.05,C,up,flat,holdout,-0.013935934515238668,-0.018636256740532375,-0.07732685031995623,-0.07625414127578123,192.0
0.05,A,down,rising,holdout,0.12182705607402355,0.11804798168492359,0.05363678277874051,0.11513219606035063,96.0
0.05,B,down,falling,holdout,-0.01815713317970913,-0.005967818281279791,-0.024246830437999134,-0.04940775320357482,120.0
0.05,C,down,falling,holdout,0.03890289666785862,0.0386509075380963,0.011078468207874392,0.02637134144225306,192.0
0.05,A,up,falling,holdout,-0.024618746576907102,-0.07441494353788858,-0.034035520351405446,-0.09218199982936137,96.0
0.05,B,up,falling,holdout,0.03719446107670965,0.06405081135979507,0.10372823804940157,0.07516655424097496,120.0
0.05,C,up,flat,holdout,-0.013058829499413727,-0.06624761965808534,-0.0532221750382591,-0.05772512759700976,192.0
0.05,A,down,falling,holdout,0.04474816539447701,0.05120244024638243,-0.027262680145000218,0.01411835784385973,96.0
0.05,B,down,rising,holdout,-0.03527777427327017,-0.0695953134922136,-0.04510581509938083,-0.06365307057937919,120.0
0.05,C,down,falling,holdout,0.011876646483437003,0.03192000230261516,0.04580083288013226,0.042936197867354364,192.0
0.05,A,down,rising,holdout,0.04028966511782217,0.013900180835390463,0.05857522735821008,0.01023255661166056,96.0
0.05,B,down,flat,holdout,-0.009744381488841158,-0.050844774400154336,-0.03475893096762317,-0.03055842859598279,120.0
0.05,C,down,flat,holdout,0.023821868977162097,0.06744896044754478,0.08072350804182093,0.0624123757056847,192.0
0.05,A,up,falling,holdout,-0.006699591173187303,-0.036268542572228335,-0.039459825741515075,-0.03294804548930752,96.0
0.05,B,up,flat,holdout,0.011901635221327034,0.020409625091327488,0.03394918764216448,0.023830330466562577,120.0
0.05,C,up,flat,holdout,-0.019776138687694345,-0.011317350974471174,-0.05777054215488675,-0.04977197943508016,192.0
0.08,1,up,flat,train,-0.0037715941074688564,-0.07650295048727296,-0.05756662020764114,-0.057099347093263586,144.0
0.08,2,up,flat,train,0.03659470325556824,0.042114666376247056,0.11759145940697024,0.11227571834529093,384.0
0.08,3,up,flat,train,-0.055737778449544084,-0.07831613104820545,-0.07020373616822073,-0.10306171526313779,120.0
0.08,4,up,falling,train,0.008427178807501656,0.04535351473546556,0.1016641401475562,0.05858460038284696,120.0
0.08,5,up,falling,train,-0.051570311706692795,-0.09468004951557574,-0.07510781885532314,0.038448038482375324,360.0
0.08,A,down,falling,train,0.006040034602026845,0.022072449537523298,0.07610913889692483,0.07610913889692483,168.0
0.08,B,down,falling,train,-0.08565461109324013,-0.038984166619735805,-0.14392298619403565,-0.1200415622387313,252.0
0.08,C,down,falling,train,0.05509397117732062,0.03202066149560956,0.06880197118342757,0.11203382748633395,360.0
0.08,A,up,flat,train,-0.03926376743086735,-0.0241462724622733,-0.054630146895568665,-0.054630146895568665,168.0
0.08,B,up,falling,train,0.02740549252649127,0.04157126925517107,0.04093386348679684,0.053147030891028235,252.0
0.08,C,up,falling,train,-0.014871169427051911,-0.0381762868322143,-0.05188496606380999,-0.02683429980821639,360.0
0.08,A,up,flat,train,-0.040757709679773546,-0.048200196239022386,-0.07340555794322046,-0.07340555794322046,168.0
0.08,B,up,flat,train,0.009108225300174189,0.031880636060812595,0.026650334676473264,0.05310575702654319,252.0
0.08,C,up,rising,train,-0.02661189469470726,-0.024134802582657322,-0.07615373693570548,-0.1312489822504478,360.0
0.08,A,down,flat,train,0.024821213623168026,0.03093417357029904,0.07171280889329457,0.07171280889329457,168.0
0.08,B,down,rising,holdout,-0.014525266428557004,-0.04493938261998509,-0.015118221818831823,-0.04355867422024762,252.0
0.08,C,down,flat,holdout,0.03080920954917099,0.03688474263480512,0.019996047102631476,0.052450737893667165,360.0
0.08,A,down,rising,holdout,0.12182705607402355,0.11804798168492359,0.05363678277874051,0.05363678277874051,168.0
0.08,B,down,falling,holdout,-0.01815713317970913,-0.005967818281279791,-0.024246830437999134,-0.03839612935044179,252.0
0.08,C,down,falling,holdout,0.06123197624775001,0.02820579663541012,0.066643980062846,0.09574579348218015,360.0
0.08,A,up,falling,holdout,-0.024618746576907102,-0.07441494353788858,-0.034035520351405446,-0.034035520351405446,168.0
0.08,B,up,falling,holdout,0.03719446107670965,0.06405081135979507,0.10372823804940157,0.0603809336132608,252.0
0.08,C,up,flat,holdout,-0.013058829499413727,-0.06624761965808534,-0.0532221750382591,-0.0881721377807334,360.0
0.08,A,down,rising,holdout,0.04028966511782217,0.013900180835390463,0.05857522735821008,0.05857522735821008,168.0
0.08,B,down,flat,holdout,-0.009744381488841158,-0.050844774400154336,-0.03475893096762317,-0.10416974492426723,252.0
0.08,C,down,flat,holdout,0.023821868977162097,0.06744896044754478,0.08072350804182093,0.1044737425593969,360.0
0.12,A,up,flat,train,-0.055737778449544084,-0.07831613104820545,-0.07020373616822073,-0.09741375833525245,216.0
0.12,B,up,falling,train,0.023550429439155085,0.021707305371414742,0.08037909767422957,0.13291974970597753,360.0
0.12,C,up,rising,train,-0.02302901020916781,-0.012319525196879288,-0.04549515165097662,-0.08990780539304599,552.0
0.12,A,up,flat,train,-0.040757709679773546,-0.048200196239022386,-0.07340555794322046,-0.05176736755893252,216.0
0.12,B,up,flat,train,0.009108225300174189,0.031880636060812595,0.026650334676473264,0.0656152486102104,360.0
0.12,C,up,rising,train,-0.02661189469470726,-0.024134802582657322,-0.07615373693570548,-0.1174067861735264,552.0
0.12,1,down,flat,train,0.024821213623168026,0.03093417357029904,0.07171280889329457,0.07780806721895739,120.0
0.12,2,down,flat,holdout,-0.013935934515238668,-0.018636256740532375,-0.07732685031995623,-0.27977695903489197,744.0
0.12,3,down,rising,holdout,0.12182705607402355,0.11804798168492359,0.05363678277874051,0.09527496462582863,264.0
0.12,4,down,flat,holdout,-0.005792095164537048,-0.03519409357116354,-0.05783337691797774,-0.06651300545517569,312.0
0.12,5,down,rising,holdout,0.023821868977162097,0.06744896044754478,0.08072350804182093,0.11032047892752983,552.0
0.05,A,down,rising,train,0.021692627113312213,0.06025130551236302,0.09637422590532019,0.0735491061397282,96.0
0.05,B,down,falling,train,-0.008866098547730683,-0.05897205723818766,0.0499952861704438,-0.026471227194287628,120.0
0.05,C,down,rising,train,0.01997159981879637,0.07394936752970693,0.15310833885075104,0.1558220371467398,192.0
0.05,A,up,flat,train,-0.007235728916199169,-0.034494018464095944,-0.10400525425238216,-0.09165627690206912,96.0
0.05,B,up,rising,train,0.027558502240511373,0.038316361052125325,0.01549846589869408,0.03867382155061261,120.0
0.05,C,up,flat,train,-0.029249558617426064,-0.08095593454796979,-0.08705702480843092,-0.06542654847927776,192.0
0.05,A,down,rising,train,0.017207754961569455,0.05185270161752897,0.02901145544830297,0.08114275881282862,96.0
0.05,B,down,rising,train,-0.05289403517744795,-0.062047542580356496,0.023620862776363216,-0.09807114463970767,120.0
0.05,C,down,falling,train,0.010169661136383512,0.20737519336532806,0.4056523135040926,0.3525691007417724,192.0
0.05,1,up,rising,train,-0.03776411296901094,-0.0925785850100409,-0.048496228334801716,-0.07070203696617516,120.0
0.05,2,up,falling,train,0.009940864766973201,0.005488560323494873,0.0971040407441428,0.11609334802179738,264.0
0.05,3,up,rising,train,-0.07312145873339715,-0.04305580873851622,-0.01106735554628846,-0.03066995957119001,96.0
0.05,4,up,rising,train,0.056197891545511025,0.07679459794666843,0.07296630607041954,0.07679459794666843,72.0
0.05,5,up,falling,train,-0.02349340925338328,-0.1428693263767825,-0.14150978892052224,-0.12366021597080257,192.0
0.05,A,down,falling,train,0.04272030417880246,0.06547278111556598,0.022627563766649983,0.016058959016293395,96.0
0.05,B,down,falling,train,-0.08296923097785558,-0.1269462864271863,-0.14902024598944985,-0.10945581275510896,120.0
0.05,C,down,rising,train,0.028071606819029205,0.05430746823299937,0.04662984552329896,0.06043618075718138,192.0
0.05,A,up,falling,train,-0.04793211440151057,-0.05471376594666788,-0.047137659466678916,-0.04224427762170124,96.0
0.05,B,up,falling,train,0.011629645034248792,0.07267959499330634,-0.11241665258588196,-0.06740579955028136,120.0
0.05,C,up,rising,train,-0.0558229707829091,-0.12762219226633154,-0.2056737803492722,-0.2024809536070763,192.0
0.05,A,down,falling,train,0.05231894693567041,0.04741248477536697,0.026726194821511617,0.03479477002639575,96.0
0.05,B,down,falling,train,-0.10879195321172841,-0.17154753840206283,-0.10664619029547684,-0.20644367283676957,120.0
0.05,C,down,rising,train,0.13585201753278398,-0.020748029365608933,-0.006272660040765432,-0.08906185176500303,192.0
0.05,A,down,falling,train,0.025068368277119335,0.011882674674245086,0.0638103919781221,0.03298836398734517,96.0
0.05,B,down,rising,train,-0.007183528337698086,-0.03716214592893363,-0.12429666290272212,-0.12160103788770638,120.0
0.05,C,down,falling,train,0.007941994679527387,-0.007156644230715936,-0.1257058475424615,-0.14092062982893738,192.0
0.05,A,down,rising,train,0.1330234136409909,0.06318968442483874,0.0780794027824907,0.11576518493383103,96.0
0.05,B,down,rising,train,-0.08811567465903158,-0.01523201418380249,-0.05520182568538079,-0.027325382896777994,120.0
0.05,C,down,falling,train,0.029039674198633625,0.04940882816605341,0.04020625328428773,0.04343799264319492,192.0
0.05,A,up,rising,train,-0.02619696234653124,-0.05319998507295587,-0.057954248609918935,-0.07627346344740082,96.0
0.05,B,up,falling,train,0.009162488738784225,0.019831859443867783,0.022243678569552783,0.07653182833665273,120.0
0.05,C,up,rising,train,-0.05187353410263629,-0.042469274791256284,-0.012440191387559807,-0.05009850830284268,192.0
0.05,A,down,rising,train,0.0015238351566582153,0.014822760160220216,0.0018721403353227917,0.053148203853521814,96.0
0.05,B,down,falling,train,-0.01869681624616848,-0.05733590877564554,-0.027500801718287393,-0.027623856153094595,120.0
0.05,C,down,flat,train,0.025760512973456606,0.03950028167147179,0.09460433442688143,0.06829704742022069,192.0
0.05,1,up,rising,train,-0.019321388826489594,-0.01617388475332504,-0.09708720316247987,-0.09939038087639518,120.0
0.05,2,up,rising,train,0.030318208603417718,0.06422804949911609,0.2555332940483206,0.3993193871538008,264.0
0.05,3,up,rising,train,-0.04262742430973887,-0.06882923552783682,-0.08699826710939962,-0.05833503534212481,96.0
0.05,4,up,falling,train,0.06381240477820205,0.18543379432337015,0.12864050873280486,0.18543379432337015,72.0
0.05,5,up,rising,train,-0.011097221762309983,-0.09437605549852646,-0.09754875989271172,-0.09472995794562744,192.0
0.05,A,down,falling,train,0.05130912306922353,0.03090842194509391,-0.01397449169643239,-0.003503335367233129,96.0
0.05,B,down,falling,train,-0.020337583009988447,-0.052137337376504056,-0.059528079385264276,-0.04528133728955419,120.0
0.05,C,down,falling,train,0.007630408382451881,0.008547648519195539,0.09199310197978816,0.07747637287683484,192.0
0.05,A,down,rising,train,0.04065968099932893,0.06901357559490018,0.15729107520776342,0.08786197284881014,96.0
0.05,B,down,falling,train,-0.05042743436896868,-0.06719174338565592,-0.09447751379233782,-0.19998676277179017,120.0
0.05,C,down,rising,train,0.10813248751691318,0.10078808242173198,0.03787759502758159,0.06290781864229911,192.0
0.05,A,up,falling,train,-0.02747303271441215,-0.08176363100501038,-0.06166814028882994,-0.09663896256999704,96.0
0.05,B,up,falling,train,0.01343958885105323,0.03885000210198841,0.025505002732584936,0.08247414554168242,120.0
0.05,C,up,falling,train,-0.009301453171704055,-0.061440570976484254,-0.06054601550081873,-0.13346190564363503,192.0
0.05,1,down,rising,train,0.041967127322294795,0.045408352654094486,0.03985553547413456,0.09030249922412681,120.0
0.05,2,down,falling,train,-0.004370139057489841,-0.047083643791807184,-0.13620266729176944,-0.2090745965435158,264.0
0.05,3,down,rising,train,0.001550998568309092,0.06774862977049545,0.09582929615757285,0.06997570463781111,96.0
0.05,4,down,falling,train,-0.013731351162314942,-0.07666396130675479,-0.00301548653588557,-0.07666396130675479,72.0
0.05,5,down,rising,holdout,0.07062690940274763,0.11956479016668742,0.11643470959212476,0.18559662694513435,192.0
0.05,A,up,rising,holdout,-0.017155171332137176,-0.04697361321973925,0.04268560458725945,-0.0402326252525127,96.0
0.05,B,up,falling,holdout,0.005403920738083601,0.03396230161356506,0.020798310985214563,0.09999073424490712,120.0
0.05,C,up,rising,holdout,-0.0261007689438153,-0.06304677440704687,-0.14754034247481973,-0.14908665359020956,192.0
0.05,A,down,rising,holdout,0.0535024235717545,0.06145018331465435,0.02658681195133772,0.0640664387460359,96.0
0.05,B,down,falling,holdout,-0.03881198209237713,-0.06326814117418689,0.008686895648059467,-0.05259150965143222,120.0
0.05,C,down,falling,holdout,0.011846606370021107,0.07729287065592039,0.07237541140798709,0.06395936455282869,192.0
0.05,1,down,flat,holdout,0.0400058210936558,0.06864986121660843,-0.19407313281322092,-0.03908296478238338,120.0
0.05,2,down,falling,holdout,-0.005049520328615498,-0.1053525576415304,-0.26179515735138126,-0.3102513854786636,264.0
0.05,3,down,rising,holdout,0.1293116189954837,0.1438346790748597,0.06633638976324074,0.15228684822772687,96.0
0.05,4,down,falling,holdout,-0.03914125818313119,-0.07459119974916151,-0.05061902001957297,-0.07459119974916151,72.0
0.05,5,down,rising,holdout,0.003497944506836159,0.07489928598658535,0.007639840506094231,0.004121289551500595,192.0
0.05,A,down,rising,holdout,0.11099352051835853,0.04198164146868244,0.0706911447084233,0.060707343412526926,96.0
0.05,B,down,rising,holdout,-0.01450261474756509,-0.045262349579113015,0.033792453196990646,-0.014517195124321924,120.0
0.05,C,down,falling,holdout,0.017971239797901273,0.05075268817204304,0.02546443839875634,0.020572613032776355,192.0
0.05,A,up,flat,holdout,-0.02552313254258165,-0.07411063941817231,-0.03523593265917302,-0.08952606612790248,96.0
0.05,B,up,falling,holdout,0.02919975628143301,0.05962843245587757,0.12489027500955263,0.08026189418896434,120.0
0.05,C,up,rising,holdout,-0.014941043450169667,-0.09124025537920077,-0.08522133147438127,-0.0833637963427386,192.0
0.05,A,down,falling,holdout,0.047878038329697725,0.05624318323465238,-0.0336748208164539,0.003164926768463694,96.0
0.05,B,down,flat,holdout,-0.05025192806796741,-0.08054322421828541,-0.01343770024017299,-0.06577327856836634,120.0
0.05,C,down,falling,holdout,0.02115791595283678,0.07836339816587734,0.06328227350599636,0.061609392320870704,192.0
0.05,A,up,rising,holdout,-0.028355160895591536,-0.04352283626021103,-0.04290273505969511,-0.03787578132751257,96.0
0.05,B,up,falling,holdout,0.002126054150022094,0.02837106080781182,0.04354638260097654,0.041828672880603435,120.0
0.05,C,up,flat,holdout,-0.013253941814225456,-0.04749996837271275,-0.10145612030176632,-0.10175552528707021,192.0
0.05,A,down,rising,holdout,0.07699266706166408,0.04450730426915883,0.07109955849467697,0.03308423004147465,96.0
0.05,B,down,falling,holdout,-0.0016035634743876148,-0.04729398663697104,-0.03779510022271726,-0.03071826280623613,120.0
0.05,C,down,flat,holdout,0.006978153404560761,0.002717269972891012,0.08477754744059962,0.12148620634667529,192.0
0.08,A,up,flat,train,-0.007235728916199169,-0.034494018464095944,-0.10400525425238216,-0.10400525425238216,168.0
0.08,B,up,rising,train,0.027558502240511373,0.038316361052125325,0.01549846589869408,0.07995199816163168,252.0
0.08,C,up,flat,train,-0.029249558617426064,-0.08095593454796979,-0.08705702480843092,-0.12695072896379755,360.0
0.08,A,down,rising,train,0.017207754961569455,0.05185270161752897,0.02901145544830297,0.02901145544830297,168.0
0.08,B,down,rising,train,-0.05289403517744795,-0.062047542580356496,0.023620862776363216,0.21095938836218409,252.0
0.08,C,down,falling,train,0.010169661136383512,0.20737519336532806,0.4056523135040926,0.29563317502741504,360.0
0.08,1,up,rising,train,-0.03776411296901094,-0.0925785850100409,-0.048496228334801716,-0.0875981478350375,144.0
0.08,2,up,falling,train,0.009940864766973201,0.005488560323494873,0.0971040407441428,0.2107620240006014,384.0
0.08,3,up,rising,train,-0.07312145873339715,-0.04305580873851622,-0.01106735554628846,-0.02439462913621193,120.0
0.08,4,up,rising,train,0.056197891545511025,0.07679459794666843,0.07296630607041954,0.09150416867635913,120.0
0.08,5,up,falling,train,-0.02349340925338328,-0.1428693263767825,-0.14150978892052224,-0.16284850689175123,360.0
0.08,A,down,falling,train,0.04272030417880246,0.06547278111556598,0.022627563766649983,0.022627563766649983,168.0
0.08,B,down,falling,train,-0.08296923097785558,-0.1269462864271863,-0.14902024598944985,-0.0715511980798178,252.0
0.08,C,down,rising,train,0.028071606819029205,0.05430746823299937,0.04662984552329896,-0.01918927618725874,360.0
0.08,A,down,rising,train,0.05231894693567041,0.04741248477536697,0.026726194821511617,0.026726194821511617,168.0
0.08,B,down,falling,train,-0.10879195321172841,-0.17154753840206283,-0.10664619029547684,-0.18502860426102408,252.0
0.08,C,down,rising,train,0.13585201753278398,-0.020748029365608933,-0.006272660040765432,-0.14903768105485304,360.0
0.08,1,down,falling,train,0.025068368277119335,0.011882674674245086,0.0638103919781221,0.10264893559976396,144.0
0.08,2,down,rising,train,-0.007183528337698086,-0.03716214592893363,-0.12429666290272212,-0.1977944886240781,384.0
0.08,3,down,rising,train,0.1330234136409909,0.06318968442483874,0.0780794027824907,0.08423481506616892,120.0
0.08,4,down,rising,train,-0.08811567465903158,-0.01523201418380249,-0.05520182568538079,-0.027325382896777994,120.0
0.08,5,down,falling,train,0.029039674198633625,0.04940882816605341,0.04020625328428773,0.17235286389910653,360.0
0.08,A,up,flat,train,-0.01869681624616848,-0.05733590877564554,-0.027500801718287393,-0.027500801718287393,168.0
0.08,B,up,flat,train,0.025760512973456606,0.03950028167147179,0.09460433442688143,0.08409550319779968,252.0
0.08,C,up,rising,train,-0.015886148088442464,-0.08424203473363889,-0.108728149444837,-0.1412816151745736,360.0
0.08,1,up,rising,train,-0.019321388826489594,-0.01617388475332504,-0.09708720316247987,-0.12365637208197455,144.0
0.08,2,up,rising,train,0.030318208603417718,0.06422804949911609,0.2555332940483206,0.2709781968179139,384.0
0.08,3,up,rising,train,-0.04262742430973887,-0.06882923552783682,-0.08699826710939962,-0.0917168671527745,120.0
0.08,4,up,falling,train,0.06381240477820205,0.18543379432337015,0.12864050873280486,0.17277190193350833,120.0
0.08,5,up,rising,train,-0.011097221762309983,-0.09437605549852646,-0.09754875989271172,-0.11551500049670527,360.0
0.08,A,down,falling,train,0.007630408382451881,0.008547648519195539,0.09199310197978816,0.09199310197978816,168.0
0.08,B,down,rising,train,-0.009584040747028788,-0.040006366723259856,-0.051508913412563695,-0.1102886247877759,252.0
0.08,C,down,rising,train,0.04065968099932893,0.06901357559490018,0.15729107520776342,-0.013325246477055686,360.0
0.08,A,down,rising,train,0.10813248751691318,0.10078808242173198,0.03787759502758159,0.03787759502758159,168.0
0.08,B,down,falling,train,-0.02747303271441215,-0.08176363100501038,-0.06166814028882994,-0.06941114058355435,252.0
0.08,C,down,falling,train,0.01343958885105323,0.03885000210198841,0.025505002732584936,-0.1289491108588725,360.0
0.08,A,down,rising,train,0.041967127322294795,0.045408352654094486,0.03985553547413456,0.03985553547413456,168.0
0.08,B,down,falling,train,-0.004370139057489841,-0.047083643791807184,-0.13620266729176944,-0.15613898493334555,252.0
0.08,C,down,rising,train,0.001550998568309092,0.06774862977049545,0.09582929615757285,0.0984287552965335,360.0
0.08,A,up,flat,holdout,-0.0261007689438153,-0.06304677440704687,-0.14754034247481973,-0.14754034247481973,168.0
0.08,B,up,rising,holdout,0.0535024235717545,0.06145018331465435,0.02658681195133772,0.04645974678890008,252.0
0.08,C,up,flat,holdout,-0.010722014558331772,-0.013234846994437777,-0.1110087695765446,-0.1586482571137302,360.0
0.08,A,down,rising,holdout,0.1293116189954837,0.1438346790748597,0.06633638976324074,0.06633638976324074,168.0
0.08,B,down,falling,holdout,-0.03914125818313119,-0.07459119974916151,-0.05061902001957297,-0.0764202305053826,252.0
0.08,C,down,flat,holdout,0.11099352051835853,0.04198164146868244,0.0706911447084233,0.10806695464362837,360.0
0.08,A,up,falling,holdout,-0.02552313254258165,-0.07411063941817231,-0.03523593265917302,-0.03523593265917302,168.0
0.08,B,up,falling,holdout,0.02919975628143301,0.05962843245587757,0.12489027500955263,0.11880763789204085,252.0
0.08,C,up,rising,holdout,-0.014941043450169667,-0.09124025537920077,-0.08522133147438127,-0.10490610308682369,360.0
0.08,A,down,rising,holdout,0.07699266706166408,0.04450730426915883,0.07109955849467697,0.07109955849467697,168.0
0.08,B,down,falling,holdout,-0.0016035634743876148,-0.04729398663697104,-0.03779510022271726,-0.13958797327394212,252.0
0.08,C,down,flat,holdout,0.006978153404560761,0.002717269972891012,0.08477754744059962,0.1461712645511084,360.0
0.12,A,up,flat,train,-0.007235728916199169,-0.034494018464095944,-0.10400525425238216,-0.09462478107281747,216.0
0.12,B,up,rising,train,0.027558502240511373,0.038316361052125325,0.01549846589869408,0.12445583022328521,360.0
0.12,C,up,flat,train,-0.029249558617426064,-0.08095593454796979,-0.08705702480843092,0.1808594674286963,552.0
0.12,A,up,flat,train,-0.07312145873339715,-0.04305580873851622,-0.01106735554628846,-0.027863166332465217,216.0
0.12,B,up,rising,train,0.04272030417880246,0.06547278111556598,0.022627563766649983,0.12335023215569652,360.0
0.12,C,up,falling,train,-0.08296923097785558,-0.1269462864271863,-0.14902024598944985,-0.1556432474946775,552.0
0.12,A,down,flat,train,0.13585201753278398,-0.020748029365608933,-0.006272660040765432,-0.1590035895308357,216.0
0.12,B,down,rising,train,-0.14698549320713672,-0.11011902398742279,-0.19801335546009646,-0.2351894934929848,360.0
0.12,C,down,flat,train,0.1330234136409909,0.06318968442483874,0.0780794027824907,0.2475330844927044,552.0
0.12,1,up,flat,train,-0.015886148088442464,-0.08424203473363889,-0.108728149444837,-0.09543406396358334,120.0
0.12,2,up,falling,train,0.08242471035538412,0.08558936675449891,0.12236671409910538,0.6289451594223716,744.0
0.12,3,up,rising,train,-0.019321388826489594,-0.01617388475332504,-0.09708720316247987,0.00967747765891791,264.0
0.12,4,up,rising,train,0.030318208603417718,0.06422804949911609,0.2555332940483206,0.3079994107248085,312.0
0.12,5,up,rising,train,-0.04262742430973887,-0.06882923552783682,-0.08699826710939962,-0.09296547483939699,552.0
0.12,A,down,falling,train,0.06381240477820205,0.18543379432337015,0.12864050873280486,0.1067391885692135,216.0
0.12,B,down,rising,train,-0.011097221762309983,-0.09437605549852646,-0.09754875989271172,-0.11551500049670527,360.0
0.12,C,down,falling,train,0.04065968099932893,0.06901357559490018,0.15729107520776342,0.0037165126722757957,552.0
0.12,1,down,rising,train,0.10813248751691318,0.10078808242173198,0.03787759502758159,0.03933740229032279,120.0
0.12,2,down,falling,train,-0.02747303271441215,-0.08176363100501038,-0.06166814028882994,-0.2380123784261715,744.0
0.12,3,down,rising,train,0.001550998568309092,0.06774862977049545,0.09582929615757285,0.08328030774125428,264.0
0.12,4,down,flat,holdout,-0.0261007689438153,-0.06304677440704687,-0.14754034247481973,-0.10813347613145452,312.0
0.12,5,down,rising,holdout,0.0535024235717545,0.06145018331465435,0.02658681195133772,0.09138863060241054,552.0
0.12,A,down,rising,holdout,0.1293116189954837,0.1438346790748597,0.06633638976324074,0.14220884083755303,216.0
0.12,B,down,falling,holdout,-0.03914125818313119,-0.07459119974916151,-0.05061902001957297,-0.12016494531910649,360.0
0.12,C,down,flat,holdout,0.11099352051835853,0.04198164146868244,0.0706911447084233,0.15438984881209494,552.0
0.12,A,up,falling,holdout,-0.014941043450169667,-0.09124025537920077,-0.08522133147438127,-0.07791871052206512,216.0
0.12,B,up,falling,holdout,0.02115791595283678,0.07836339816587734,0.06328227350599636,0.19374181195203066,360.0
0.12,C,up,rising,holdout,-0.028355160895591536,-0.04352283626021103,-0.04290273505969511,-0.01967374408836864,552.0
0.12,A,down,rising,holdout,0.07699266706166408,0.04450730426915883,0.07109955849467697,0.14421870122258107,216.0
0.12,B,down,falling,holdout,-0.0016035634743876148,-0.04729398663697104,-0.03779510022271726,-0.12462694877505565,360.0
0.12,C,down,flat,holdout,0.006978153404560761,0.002717269972891012,0.08477754744059962,0.18813586349864453,552.0
0.05,A,down,falling,train,0.05036195220674089,0.040165019070600216,0.013154822137463995,0.0073168833190628835,96.0
0.05,B,down,flat,train,-0.05476508077664144,-0.040981176819327114,0.0007410701052319446,-0.05343115458722392,120.0
0.05,C,down,rising,train,0.021676531754919237,0.08014717645176761,0.11174212126059846,0.09686450167973115,192.0
0.05,A,up,falling,train,-0.013382257716382573,-0.05410461184257864,0.05532772141880704,-0.05367292610979213,96.0
0.05,B,up,falling,train,0.0006088743435574973,0.022528350711621847,0.10084481315168592,0.11637110891239844,120.0
0.05,C,up,rising,train,-0.03742269342420801,-0.11536034330430389,-0.07566578316294337,-0.09144263536539199,192.0
0.05,A,down,rising,train,0.04684987574915955,0.07053062417775191,0.016298786727086734,0.052258441748282536,96.0
0.05,B,down,falling,train,-0.01706834163992621,-0.048747183723629295,0.008602444186522673,-0.006281149723492807,120.0
0.05,C,down,rising,train,0.046745774901114645,0.06242358863718067,0.08220064724919074,0.11441927364257465,192.0
0.05,A,up,rising,train,-0.06930804831245063,-0.00316062761033975,-0.0480302517214134,0.006208375663167454,96.0
0.05,B,up,rising,train,0.03614311704063078,0.08114008489993929,0.0072771376591873604,0.060521528198908436,120.0
0.05,C,up,falling,train,-0.025412394115024495,-0.07434239857333935,-0.07138876504681235,0.03951181453410624,192.0
0.05,1,up,rising,train,-0.04718382783305575,-0.056458511548332035,0.0795551753635586,-0.028724505875467266,120.0
0.05,2,up,falling,train,0.042420193730018596,0.1331774586057164,0.22355298945459756,0.11728777973946669,264.0
0.05,3,up,rising,train,-0.007978205876629674,-0.08873321657910094,-0.0531231757151196,-0.10212103522086002,96.0
0.05,4,up,flat,train,0.04880586017077704,0.054570673139439085,0.01400026006675037,0.054570673139439085,72.0
0.05,5,up,falling,train,-0.023427866831072786,-0.07225647348951914,-0.026510480887792953,-0.021331689272503063,192.0
0.05,A,down,rising,train,0.036416799574694236,0.04518872939925567,-0.040448343079921956,0.049308878256246746,96.0
0.05,B,down,falling,train,-0.00453571878543535,-0.1029356179916846,-0.07626727142917145,-0.046953088908487706,120.0
0.05,C,down,rising,train,0.06413857677902635,0.05238764044943811,0.04494382022471899,-0.03305243445692885,192.0
0.05,A,down,rising,train,0.05323509860403264,0.09389541325060935,0.052348770219366125,0.0438732550409926,96.0
0.05,B,down,falling,train,-0.04572846508330375,-0.009874917709019049,-0.01605307135261047,-0.0308401276143212,120.0
0.05,C,down,rising,train,0.061512568543351964,0.039035778272435984,0.18361474564308589,0.1761767739833866,192.0
0.05,A,up,flat,train,-0.0736803519061584,-0.1524468475073314,-0.16211510263929618,-0.13989186217008798,96.0
0.05,B,up,falling,train,0.025757410040468054,0.15454446024280855,0.32385431477633153,0.43289948594553196,120.0
0.05,C,up,rising,train,-0.03553163880619792,-0.04457674986642235,-0.02152507442179985,-0.0821311350278604,192.0
0.05,1,down,rising,train,0.034120951751487105,0.04552214144084599,-0.02970092531394586,0.05907138136153334,120.0
0.05,2,down,falling,train,-0.016552688840534735,-0.0038078955548648263,-0.11342088902704395,-0.20939539944047258,264.0
0.05,3,down,falling,train,0.06295768417948588,-0.036123261414459096,-0.01489163021575668,-0.06836388656804437,96.0
0.05,4,down,rising,train,-0.04466432402441278,-0.12354355465137778,-0.07309968559275015,-0.12354355465137778,72.0
0.05,5,down,falling,train,0.012819160160371323,0.0573960751213336,0.024794260392487777,0.0520151930787085,192.0
0.05,A,down,flat,train,0.01729106628242061,0.061405453336288884,0.08054385575999401,0.32099312790955437,96.0
0.05,B,down,rising,train,-0.20512390222073063,-0.18202159198970758,-0.29244280360239416,-0.2201152318621694,120.0
0.05,C,down,falling,train,0.05898259252999827,0.042504647625486,0.08171370627006924,0.05906709481155992,192.0
0.05,A,up,falling,train,-0.07169144707787434,-0.0775062564404535,-0.054099808626527524,-0.004048284999264018,96.0
0.05,B,up,rising,train,0.07962977738769661,0.025133647171467155,0.1461741003750101,0.059762227718822336,120.0
0.05,C,up,rising,train,-0.05705417190155937,-0.05025497006873114,0.015224299756115611,0.023205971472914033,192.0
0.05,A,down,rising,train,0.12969639468690697,0.15189753320683108,0.19648956356736247,0.25464895635673623,96.0
0.05,B,down,rising,train,-0.05249013185521123,0.11060720584530115,0.10288065843621408,0.08675568993029326,120.0
0.05,C,down,falling,train,0.07613898244992034,0.1377415351887965,0.19508952313419625,0.1881758553447972,192.0
0.05,1,up,falling,train,-0.011145348456041315,-0.02983019733822867,-0.011210909329312346,-0.040844424047728256,120.0
0.05,2,up,falling,train,0.01931226120180618,0.023549843695727768,0.20319555401180978,0.17506078499479005,264.0
0.05,3,up,rising,train,-0.03864366189517221,-0.08866271158765571,-0.08229467152887382,-0.09660915473793064,96.0
0.05,4,up,falling,train,0.043920954331847284,0.015845282564164398,0.05970598867333421,0.015845282564164398,72.0
0.05,5,up,rising,train,-0.03144654088050303,-0.021817777035676444,-0.07213224244448146,-0.1305727166471864,192.0
0.05,A,down,falling,train,0.02446461986277626,0.056622080532261476,0.05572111719453887,0.11670940467114832,96.0
0.05,B,down,rising,train,-0.024895511539160586,-0.09988491126052457,-0.10600278635895577,-0.07341450118117399,120.0
0.05,C,down,falling,train,0.05751814725198745,0.020324922226062858,-0.06408572416176983,-0.08945731075008645,192.0
0.05,A,down,rising,train,0.09710728114797651,0.08981854073342932,0.16392073494799186,0.05588034317819446,96.0
0.05,B,down,falling,train,-0.05128205128205143,-0.016146741587547586,-0.038364658012013386,-0.04689013757023841,120.0
0.05,C,down,falling,train,0.036694124855334076,0.0054462522976377326,0.032405201170944364,0.06930356048743969,192.0
0.05,A,up,rising,train,-0.0792825199300019,-0.09226132607427562,-0.11787867003694341,-0.10130274159051145,96.0
0.05,B,up,falling,train,0.021958606764260535,0.0352725896012116,0.1354114083796063,0.10657496214033335,120.0
0.05,C,up,rising,train,-0.04495831679237794,-0.05900158793171906,-0.06733822945613344,-0.10515085351329889,192.0
0.05,A,up,rising,train,-0.09137252998009415,-0.014516677185998028,-0.025926105743554917,0.04097684128756618,96.0
0.05,B,up,rising,train,0.046486775313919315,0.14565856265028043,0.054234571199572645,0.08314186481432007,120.0
0.05,C,up,falling,train,-0.043421482206986606,-0.06426939042022295,-0.05638729536868614,-0.051303577258523414,192.0
0.05,A,down,falling,train,0.06254434870755188,0.025443487075519355,0.08525088697415106,0.030968068930562476,96.0
0.05,B,down,rising,train,-0.03986332574031892,-0.050066438876233965,0.06321184510250566,0.016135155656795686,120.0
0.05,C,down,falling,train,0.030823799770195448,0.0850776839686267,0.21077084478193542,0.19778188539741226,192.0
0.05,A,down,rising,train,0.06428682612981906,0.09370622113838012,0.21797333056607693,0.10366834431588234,96.0
0.05,B,down,falling,train,-0.008179262162392509,-0.02619919911391333,-0.05870324614467071,-0.06300587884467934,120.0
0.05,C,down,rising,train,0.10947178736344187,0.14027480572136497,0.05625633517287976,0.05800202725532144,192.0
0.05,A,up,falling,train,-0.02961614031724724,-0.11415153112570087,-0.09086116835194313,-0.1278573824699285,96.0
0.05,B,up,falling,train,0.06246876561719139,0.07629518574046323,0.07651729690710196,0.10333722027874948,120.0
0.05,C,up,falling,train,-0.0065993400659934975,-0.030746925307469253,-0.061493850614938506,-0.16983301669833017,192.0
0.05,1,down,rising,train,0.047281171386183374,0.04360446365219639,-0.002709153067148251,0.06127846223311617,120.0
0.05,2,down,falling,train,-0.07590699898392195,-0.13495905803598118,-0.2170820632359094,-0.2309485386408464,264.0
0.05,3,down,rising,train,0.07405145430948923,0.020306893656004243,0.05687457057790657,-0.017711275669898607,96.0
0.05,4,down,falling,train,-0.025943563863814134,-0.08543606510768365,-0.012225460231715113,-0.08543606510768365,72.0
0.05,5,down,falling,train,0.023354231974921813,0.08910658307210029,0.06528213166144203,0.04631661442006263,192.0
0.05,A,up,rising,train,-0.015311473117527785,-0.04963993567782976,0.01153604138991815,-0.06655946304970994,96.0
0.05,B,up,rising,holdout,0.0949786830885837,0.09758408337280922,0.052029054160745325,0.043581241117953695,120.0
0.05,C,up,falling,holdout,-0.03912081835775505,-0.08639756704451207,-0.05819740116118344,-0.05709151230301368,192.0
0.05,A,down,flat,holdout,0.05560200668896331,0.05376254180602014,0.003762541806020092,0.05267558528428107,96.0
0.05,B,down,flat,holdout,-0.02910900538550687,-0.020246778921535258,-0.11698138932442559,-0.09025836798691123,120.0
0.05,C,down,flat,holdout,0.04526333501598523,0.05460205283526842,-0.15211172808345952,-0.12056200572101627,192.0
0.05,A,down,rising,holdout,0.11613067891781514,0.11038795303726401,0.0005104645227158588,0.10719754977029106,96.0
0.05,B,down,falling,holdout,-0.006621760474940008,-0.052289074095216326,0.005365909350382392,-0.10492065304258469,120.0
0.05,C,down,falling,holdout,0.07563775510204063,0.0987244897959183,0.052295918367346816,0.08010204081632644,192.0
0.05,A,up,falling,holdout,-0.021803315920962962,-0.03384056325232798,-0.032704973881444444,-0.07324551442198501,96.0
0.05,B,up,rising,holdout,0.013603696098562601,0.10228439425051339,0.11190965092402472,0.08239219712525658,120.0
0.05,C,up,rising,holdout,-0.024642289348171698,-0.04224392459686577,0.031682943447649325,0.008176243470361166,192.0
0.05,A,up,rising,holdout,-0.022784810126582178,-0.08398458998348923,-0.04700055035773254,-0.10170610897083099,96.0
0.05,B,up,falling,holdout,0.041048891067271054,0.06089939958338442,0.1312339174120818,0.08013723808356832,120.0
0.05,C,up,rising,holdout,-0.016633745711612358,-0.07578750389853406,-0.04948539349204695,-0.056034930865994426,192.0
0.05,A,down,falling,holdout,0.060549820206472704,0.06379770328268175,-0.0554460039438579,0.003711866372810624,96.0
0.05,B,down,rising,holdout,-0.05648239014284151,-0.10500490677134444,-0.11460037073383478,-0.09977101733725868,120.0
0.05,C,down,flat,holdout,0.018366054464851178,0.0373654211526282,0.055478150728309084,0.0744775174160861,192.0
0.05,A,up,rising,holdout,-0.0032565974171813172,-0.06243683323975302,-0.032678270634474926,-0.04211117349803484,96.0
0.05,B,up,falling,holdout,0.00048157958102557075,0.014808572116542296,0.07320009631591629,0.012521069106669724,120.0
0.05,C,up,rising,holdout,-0.03133025166923464,-0.053210066769388775,-0.12306111967128908,-0.13394966615305592,192.0
0.05,A,down,rising,holdout,0.06913183279742752,0.0446945337620579,0.10803858520900311,0.01591639871382622,96.0
0.05,B,down,falling,holdout,-0.02753666566896118,0.0014965579167915966,0.10715354684226286,0.03142771625261909,120.0
0.05,C,down,rising,holdout,0.05902832726697271,0.09067890489001429,0.14005380598195938,0.10333913593923083,192.0
0.05,A,up,falling,holdout,-0.006082725060827299,-0.05758313057583142,-0.02716950527169515,-0.05758313057583142,96.0
0.05,B,up,flat,holdout,0.0,0.039443488238668944,-0.02882960413080904,-0.0002868617326448053,120.0
0.05,C,up,falling,holdout,-0.010107908755634387,-0.04794426990848233,-0.03715339434503484,-0.024723398442835554,192.0
0.05,1,up,falling,holdout,-0.006679621083313103,-0.004615010930289154,-0.05112946320136036,-0.054651445227107076,120.0
0.05,2,up,falling,holdout,0.02348853370396098,0.02515635858234888,0.056567060458651675,0.05100764419735926,264.0
0.05,3,up,rising,holdout,-0.04572109217518783,-0.06771119662818403,-0.04773685175004572,-0.05579989004947772,96.0
0.05,4,up,falling,holdout,0.004500900180036016,0.01940388077615518,0.03390678135627123,0.01940388077615518,72.0
0.05,5,up,falling,holdout,-0.02571562646644765,-0.046738620366025385,-0.04242139840450487,-0.04242139840450487,192.0
0.08,A,up,flat,train,-0.03742269342420801,-0.11536034330430389,-0.07566578316294337,-0.07566578316294337,168.0
0.08,B,up,rising,train,0.04684987574915955,0.07053062417775191,0.016298786727086734,0.1192808068995761,252.0
0.08,C,up,rising,train,-0.025412394115024495,-0.07434239857333935,-0.07138876504681235,0.19895229603209974,360.0
0.08,A,up,rising,train,-0.007978205876629674,-0.08873321657910094,-0.0531231757151196,-0.0531231757151196,168.0
0.08,B,up,rising,train,0.05323509860403264,0.09389541325060935,0.052348770219366125,0.1552736538887658,252.0
0.08,C,up,falling,train,-0.0736803519061584,-0.1524468475073314,-0.16211510263929618,0.1470857771260996,360.0
0.08,A,down,falling,train,0.01729106628242061,0.061405453336288884,0.08054385575999401,0.08054385575999401,168.0
0.08,B,down,rising,train,-0.20512390222073063,-0.18202159198970758,-0.29244280360239416,-0.2903171673099514,252.0
0.08,C,down,falling,train,0.05898259252999827,0.042504647625486,0.08171370627006924,0.21387527463241507,360.0
0.08,A,up,falling,train,-0.03864366189517221,-0.08866271158765571,-0.08229467152887382,-0.08229467152887382,168.0
0.08,B,up,falling,train,0.043920954331847284,0.015845282564164398,0.05970598867333421,0.051451982166526244,252.0
0.08,C,up,rising,train,-0.03144654088050303,-0.021817777035676444,-0.07213224244448146,-0.17726943841487164,360.0
0.08,A,down,falling,train,0.02446461986277626,0.056622080532261476,0.05572111719453887,0.05572111719453887,168.0
0.08,B,down,rising,train,-0.024895511539160586,-0.09988491126052457,-0.10600278635895577,-0.13956023986916222,252.0
0.08,C,down,flat,train,0.09710728114797651,0.08981854073342932,0.16392073494799186,0.13043808366866583,360.0
0.08,A,up,rising,train,-0.0792825199300019,-0.09226132607427562,-0.11787867003694341,-0.11787867003694341,168.0
0.08,B,up,falling,train,0.021958606764260535,0.0352725896012116,0.1354114083796063,0.26817264008076735,252.0
0.08,C,up,rising,train,-0.04495831679237794,-0.05900158793171906,-0.06733822945613344,0.06396387455339414,360.0
0.08,A,up,rising,train,-0.09137252998009415,-0.014516677185998028,-0.025926105743554917,-0.025926105743554917,168.0
0.08,B,up,rising,train,0.046486775313919315,0.14565856265028043,0.054234571199572645,0.10424792946834094,252.0
0.08,C,up,falling,train,-0.03616453854856949,-0.04574106998545335,-0.22122999838370783,-0.05923711006950061,360.0
0.08,A,down,rising,train,0.06428682612981906,0.09370622113838012,0.21797333056607693,0.21797333056607693,168.0
0.08,B,down,falling,train,-0.008179262162392509,-0.02619919911391333,-0.05870324614467071,-0.17956036465877145,252.0
0.08,C,down,rising,train,0.10947178736344187,0.14027480572136497,0.05625633517287976,0.12636558170965206,360.0
0.08,A,up,falling,train,-0.02961614031724724,-0.11415153112570087,-0.09086116835194313,-0.09086116835194313,168.0
0.08,B,up,falling,train,0.06246876561719139,0.07629518574046323,0.07651729690710196,0.0337053695374534,252.0
0.08,C,up,falling,train,-0.0065993400659934975,-0.030746925307469253,-0.061493850614938506,-0.16353364663533654,360.0
0.08,A,down,rising,train,0.023354231974921813,0.08910658307210029,0.06528213166144203,0.06528213166144203,168.0
0.08,B,down,rising,train,-0.015311473117527785,-0.04963993567782976,0.01153604138991815,-0.07404041110256587,252.0
0.08,C,down,rising,holdout,0.0949786830885837,0.09758408337280922,0.052029054160745325,0.019501026369808994,360.0
0.08,A,down,flat,holdout,0.05560200668896331,0.05376254180602014,0.003762541806020092,0.003762541806020092,168.0
0.08,B,down,flat,holdout,-0.02910900538550687,-0.020246778921535258,-0.11698138932442559,-0.13586474878996524,252.0
0.08,C,down,rising,holdout,0.11613067891781514,0.11038795303726401,0.0005104645227158588,0.08065339458907617,360.0
0.08,A,up,falling,holdout,-0.006621760474940008,-0.052289074095216326,0.005365909350382392,0.005365909350382392,168.0
0.08,B,up,falling,holdout,0.07563775510204063,0.0987244897959183,0.052295918367346816,0.021301020408163174,252.0
0.08,C,up,falling,holdout,-0.021803315920962962,-0.03384056325232798,-0.032704973881444444,-0.05076084487849197,360.0
0.08,A,up,rising,holdout,-0.022784810126582178,-0.08398458998348923,-0.04700055035773254,-0.04700055035773254,168.0
0.08,B,up,falling,holdout,0.041048891067271054,0.06089939958338442,0.1312339174120818,0.09802720254870723,252.0
0.08,C,up,rising,holdout,-0.016633745711612358,-0.07578750389853406,-0.04948539349204695,-0.13514918390685104,360.0
0.08,A,down,flat,holdout,0.018366054464851178,0.0373654211526282,0.055478150728309084,0.055478150728309084,168.0
0.08,B,down,flat,holdout,-0.03133025166923464,-0.053210066769388775,-0.12306111967128908,-0.10282485875706204,252.0
0.08,C,down,rising,holdout,0.06913183279742752,0.0446945337620579,0.10803858520900311,0.16511254019292587,360.0
0.08,A,up,falling,holdout,-0.006082725060827299,-0.05758313057583142,-0.02716950527169515,-0.02716950527169515,168.0
0.08,B,up,rising,holdout,0.0618815536848325,0.0544971200708908,0.19214296263476593,0.18756461379412204,252.0
0.08,C,up,falling,holdout,-0.006679621083313103,-0.004615010930289154,-0.05112946320136036,-0.08294874908914251,360.0
0.12,1,up,flat,train,-0.03742269342420801,-0.11536034330430389,-0.07566578316294337,-0.09611258361731678,120.0
0.12,2,up,rising,train,0.04684987574915955,0.07053062417775191,0.016298786727086734,0.18783803537494537,744.0
0.12,3,up,rising,train,-0.007978205876629674,-0.08873321657910094,-0.0531231757151196,-0.08955049620548738,264.0
0.12,4,up,rising,train,0.05323509860403264,0.09389541325060935,0.052348770219366125,0.20008863283846656,312.0
0.12,5,up,falling,train,-0.0736803519061584,-0.1524468475073314,-0.16211510263929618,0.045500366568914874,552.0
0.12,A,down,falling,train,0.01729106628242061,0.061405453336288884,0.08054385575999401,0.03022241927141045,216.0
0.12,B,down,rising,train,-0.20512390222073063,-0.18202159198970758,-0.29244280360239416,-0.28394025843262305,360.0
0.12,C,down,falling,train,0.05898259252999827,0.042504647625486,0.08171370627006924,-0.007943214466790582,552.0
0.12,A,up,falling,train,-0.03864366189517221,-0.08866271158765571,-0.08229467152887382,-0.022097643280901358,216.0
0.12,B,up,falling,train,0.02446461986277626,0.056622080532261476,0.05572111719453887,-0.029108046295654555,360.0
0.12,C,up,rising,train,-0.024895511539160586,-0.09988491126052457,-0.10600278635895577,-0.07729117451087275,552.0
0.12,A,up,rising,train,-0.0792825199300019,-0.09226132607427562,-0.11787867003694341,-0.16269686953140194,216.0
0.12,B,up,falling,train,0.021958606764260535,0.0352725896012116,0.1354114083796063,0.20519939424533074,360.0
0.12,C,up,rising,train,-0.04495831679237794,-0.05900158793171906,-0.06733822945613344,0.00937872171496612,552.0
0.12,A,up,flat,train,-0.03616453854856949,-0.04574106998545335,-0.22122999838370783,-0.1779537740423468,216.0
0.12,B,up,rising,train,0.06428682612981906,0.09370622113838012,0.21797333056607693,-0.02521662429305238,360.0
0.12,C,up,falling,train,-0.008179262162392509,-0.02619919911391333,-0.05870324614467071,-0.17427792451222623,552.0
0.12,1,down,rising,train,0.10947178736344187,0.14027480572136497,0.05625633517287976,0.040939294965649076,120.0
0.12,2,down,falling,train,-0.02961614031724724,-0.11415153112570087,-0.09086116835194313,-0.30641683040207024,744.0
0.12,3,down,flat,train,0.023354231974921813,0.08910658307210029,0.06528213166144203,0.13385579937304093,264.0
0.12,4,down,rising,holdout,-0.03912081835775505,-0.08639756704451207,-0.05819740116118344,-0.10747857340337308,312.0
0.12,5,down,flat,holdout,0.05560200668896331,0.05376254180602014,0.003762541806020092,0.13612040133779257,552.0
0.12,A,down,rising,holdout,0.11613067891781514,0.11038795303726401,0.0005104645227158588,0.12378764675855036,216.0
0.12,B,down,falling,holdout,-0.016633745711612358,-0.07578750389853406,-0.04948539349204695,-0.13514918390685104,360.0
0.12,C,down,flat,holdout,0.018366054464851178,0.0373654211526282,0.055478150728309084,0.0915769474350856,552.0
0.12,A,down,rising,holdout,0.06913183279742752,0.0446945337620579,0.10803858520900311,0.18938906752411566,216.0
0.12,B,down,falling,holdout,-0.006679621083313103,-0.004615010930289154,-0.05112946320136036,-0.08294874908914251,360.0
0.12,C,down,falling,holdout,0.02348853370396098,0.02515635858234888,0.056567060458651675,0.37553856845031275,552.0
0.05,A,up,flat,train,-0.04632662611137095,-0.16034939946966154,-0.16783653096240836,-0.18624239588207758,96.0
0.05,B,up,rising,train,0.023385087214874423,0.02261836304389475,0.01686793176154855,0.018018018018018056,120.0
0.05,C,up,falling,train,-0.012037205909173898,-0.0076600401240196625,-0.0060186029545868935,-0.026445376618639327,192.0
0.05,A,up,rising,train,-0.05950575430457661,-0.01819966098670711,0.310375591042912,-0.014809528057810661,96.0
0.05,B,up,falling,train,0.056535761715044375,0.047524188958451896,0.35913488901536716,0.3968886359324606,120.0
0.05,C,up,flat,train,-0.0025804699171532164,-0.03972565530354477,0.22259948390601658,0.32507130245823723,192.0
0.05,A,up,rising,train,-0.07766598119858992,-0.17560223266745,-0.18764688601645108,-0.10928319623971783,96.0
0.05,B,up,falling,train,0.08044543429844109,0.1587527839643652,0.04160356347438743,0.055812917594654676,120.0
0.05,C,up,falling,train,-0.0029512092292361958,-0.09152581349890776,-0.07991261354490065,-0.062052048599133824,192.0
0.05,A,down,rising,train,0.07146731760238656,0.05704728324744601,0.12286411716842949,0.09470210650031641,96.0
0.05,B,down,falling,train,-0.10005844535359443,-0.11170855250340939,-0.09452561854665886,-0.1415156828365478,120.0
0.05,C,down,falling,train,0.02636953660418473,0.042527118413289156,-0.04956202060545545,-0.06567421594880396,192.0
0.05,1,up,falling,train,-0.01393472680601382,-0.014056961251680766,-0.04608238601637937,-0.033207024406144425,120.0
0.05,2,up,rising,train,0.04496410798432193,0.031047694543532733,0.17479191438763375,0.4402166732725592,264.0
0.05,3,up,rising,train,-0.006953722822786279,-0.0570569658690635,-0.05839305235029757,-0.03622616300255066,96.0
0.05,4,up,rising,train,0.04997464074387148,0.07526627218934911,0.021808960270498723,0.07526627218934911,72.0
0.05,5,up,falling,train,-0.0193075689443728,-0.022609351907172726,-0.03518757271783901,-0.01641457815791958,192.0
0.05,A,down,rising,train,0.030615755073959194,0.028766769865841146,0.10070519435844516,0.04209666322669414,96.0
0.05,B,down,falling,train,-0.012021145629661723,-0.07190962415815771,-0.06792671446158305,-0.026685494967050527,120.0
0.05,C,down,rising,train,0.06803995006242203,0.0013654806491885108,-0.0941401373283397,-0.14259519350811478,192.0
0.05,A,up,rising,train,-0.1881760663990747,-0.14970406150078241,-0.272467514796925,-0.11565412613102932,96.0
0.05,B,up,falling,train,0.02840861476577561,0.08933210424872207,-0.15310483533059593,-0.0255593731668482,120.0
0.05,C,up,falling,train,-0.08250634664204948,-0.17732133241018555,-0.13362566351257787,-0.09373797984460341,192.0
0.05,A,down,flat,train,0.07421333861072621,0.11438749257866632,0.15683752226400172,0.16569364733821512,96.0
0.05,B,down,falling,train,-0.04338607719188037,-0.06906435274254974,-0.07742746083474028,-0.038242569398091786,120.0
0.05,C,down,flat,train,0.020014825796886626,0.059747961452928156,0.014479861625895873,-0.02836669137632808,192.0
0.05,A,up,falling,train,-0.024836601307189565,-0.035991285403049966,-0.07159041394335508,-0.037559912854030375,96.0
0.05,B,up,falling,train,0.09456853985422042,0.16205031742299547,0.19943569245238657,0.1963320009405125,120.0
0.05,C,up,rising,train,-0.012505323473614882,-0.07863254481396886,-0.0876146966587944,-0.07274768670873821,192.0
0.05,A,down,falling,train,0.03147688192586928,0.08291937332823851,0.04604508979747801,0.1087122659533819,96.0
0.05,B,down,falling,train,-0.0059021195933137705,-0.0565224883680856,-0.035929691538859276,-0.07832155781492334,120.0
0.05,C,down,rising,train,0.0698988697204046,0.08348205433273859,0.09394209795756514,0.10841760856632954,192.0
0.05,A,up,rising,train,-0.10314911835952889,-0.11492310292377894,-0.11892287758436138,-0.10819108782603792,96.0
0.05,B,up,falling,train,0.0644543944536724,0.06972629450422474,0.1647288221275367,0.19859897450711328,120.0
0.05,C,up,flat,train,-0.010092185334699022,-0.03985660059046814,-0.07227209736699403,-0.07275411218894978,192.0
0.05,A,down,falling,train,0.07805870182698027,0.060981169127187096,0.040256688992530654,0.0021390749377563356,96.0
0.05,B,down,rising,train,-0.008424682041440312,-0.07042253521126762,-0.082945711218814,-0.03425169957388674,120.0
0.05,C,down,falling,train,0.05406256560990985,0.03803625166211755,-0.03464203233256358,0.0013296941703409004,192.0
0.05,A,up,flat,train,-0.02927032572454491,-0.026032315978456122,-0.046133624006155505,-0.0112528853552194,96.0
0.05,B,up,rising,train,0.014691407531624678,0.0453136961831504,0.10776129196894013,0.03780394444241919,120.0
0.05,C,up,falling,train,-0.02351818959278995,-0.01713703045852244,-0.2241957765936452,-0.2167291625550951,192.0
0.05,A,down,rising,train,0.009624353430000898,0.1045535487153395,-0.027601119308064193,0.06113796319850762,96.0
0.05,B,down,falling,train,-0.03930600337785961,-0.10636419468754799,-0.0423384001228313,-0.09411945340089056,120.0
0.05,C,down,falling,train,0.028994985829518205,0.08781338565511221,0.09470241988227612,0.13198168737737093,192.0
0.05,A,up,falling,train,-0.029179526233516384,-0.04008176680428077,0.05579381939155881,0.0063329191550762776,96.0
0.05,B,up,falling,train,0.012771176047701616,0.09789825347824244,0.07853004609464187,0.1139256565314839,120.0
0.05,C,up,falling,train,-0.0046478234582828515,-0.03627569528415964,-0.04534461910519938,-0.12753174123337363,192.0
0.05,A,down,rising,train,0.06262754523604386,0.050201804906806924,0.08444061493809829,0.03695977506689041,96.0
0.05,B,down,falling,train,-0.055479685899624376,-0.024155001707067303,0.019076476613178572,0.07801297371116411,120.0
0.05,C,down,falling,train,0.046358214350261884,0.06922103741189223,0.049114404482197616,0.013961684438821509,192.0
0.05,A,down,rising,train,0.05049469421233388,0.12908186804736754,0.12826164966422304,0.1396421797303531,96.0
0.05,B,down,rising,train,-0.011356495197055283,-0.012523565849717144,-0.08874225693509286,-0.012074692521770292,120.0
0.05,C,down,falling,holdout,0.06063740702428455,0.03241219644352489,0.020787153342199716,0.0375350967932615,192.0
0.05,A,down,flat,holdout,0.05632088520055323,0.06340248962655592,0.013775933609958546,0.053609958506223965,96.0
0.05,B,down,falling,holdout,-0.005793203331092012,-0.030931567785651537,-0.03098329281539336,-0.05219055500956915,120.0
0.05,C,down,flat,holdout,0.006275922287710234,0.018009168303863676,0.025813141235538017,0.09517572582405598,192.0
0.05,A,up,rising,holdout,-0.0183599574014911,-0.0955484558040468,-0.1250266240681578,-0.10713525026624071,96.0
0.05,B,up,falling,holdout,0.054284323271665214,0.011927945472249402,-0.033106134371957086,0.004430379746835467,120.0
0.05,C,up,falling,holdout,-0.012145001154467816,-0.04511660124682526,-0.1273608866312631,-0.1007157700300162,192.0
0.05,A,down,rising,holdout,0.21002799275481654,0.1780833196113949,0.12250946813765862,0.18294088588835855,96.0
0.05,B,down,flat,holdout,-0.03177519221609848,-0.022385520854596108,-0.04272980880451793,-0.06804109682248083,120.0
0.05,C,down,falling,holdout,0.03190553029191734,0.0819275341059118,0.03190553029191734,0.04840839078773662,192.0
0.05,A,up,falling,holdout,-0.022659511031604018,-0.023388325713907143,-0.05220963360498243,-0.05797389518319762,96.0
0.05,B,up,falling,holdout,0.06357095170981375,0.006156813292782504,0.009346487649284141,0.003263852829908709,120.0
0.05,C,up,rising,holdout,-0.021830101827311932,-0.04017296694099581,-0.0018831078253591649,-0.021062909750313885,192.0
0.05,A,down,falling,holdout,0.02772643253234741,0.058114602587800324,-0.009020332717190382,0.03778188539741212,96.0
0.05,B,down,rising,holdout,-0.01921598770176791,-0.05198798127314652,-0.032492488295716604,-0.04744602054363778,120.0
0.05,C,down,falling,holdout,0.017085727076027624,0.033052301723494715,0.08095202566589577,0.15108557785570387,192.0
0.05,A,up,rising,holdout,-0.016009852216748777,-0.06170598911070779,-0.07168784029038111,-0.06339123671247071,96.0
0.05,B,up,falling,holdout,0.008363111077320795,0.04820193111837612,0.029727058465749412,0.02159203223599171,120.0
0.05,C,up,rising,holdout,-0.02960704607046072,-0.03475609756097553,-0.029065040650406493,-0.035162601626016254,192.0
0.05,A,down,falling,holdout,0.013012647123327836,0.014474742305724098,0.013743694714525967,0.017398932670516842,96.0
0.05,B,down,rising,holdout,-0.03454312840886142,-0.056292505555181505,-0.07480977711938586,-0.0830247121405967,120.0
0.05,C,down,rising,holdout,0.05669348939283103,0.040142648134601444,0.05212143379663514,0.08449158741770302,192.0
0.05,A,up,falling,holdout,-0.026196387295608248,-0.021659104528721773,0.059926376166424156,-0.03047684273606699,96.0
0.05,B,up,rising,holdout,0.041655272992434655,0.04876492571324409,0.08157870750159524,0.12852064533770857,120.0
0.05,C,up,falling,holdout,-0.016638397544624817,-0.07390356190937719,-0.08763427832969872,-0.103303448832889,192.0
0.05,A,down,falling,holdout,0.012306508989520237,0.09114508220363415,0.0691279684645707,0.11277761753677518,96.0
0.05,B,down,falling,holdout,0.0,-0.039225851045446625,-0.05218593398997751,-0.05538275444962848,120.0
0.05,C,down,falling,holdout,0.04159640247329954,0.01836237586659184,0.042158516020236236,0.07157579164324535,192.0
0.05,A,up,rising,holdout,-0.02500658067912609,-0.06383258752303234,-0.10667280863385109,-0.0436299026059489,96.0
0.05,B,up,falling,holdout,0.07408229721728832,0.04521906453522817,0.0324156305506218,0.03359976317347546,120.0
0.05,C,up,rising,holdout,-0.03645007923930266,-0.019155240129539064,-0.08068628126507271,-0.0653896506580307,192.0
0.08,A,up,rising,train,-0.07766598119858992,-0.17560223266745,-0.18764688601645108,-0.18764688601645108,168.0
0.08,B,up,falling,train,0.08044543429844109,0.1587527839643652,0.04160356347438743,0.046726057906458784,252.0
0.08,C,up,falling,train,-0.0029512092292361958,-0.09152581349890776,-0.07991261354490065,-0.15553255912000308,360.0
0.08,A,down,rising,train,0.07146731760238656,0.05704728324744601,0.12286411716842949,0.12286411716842949,168.0
0.08,B,down,falling,train,-0.10005844535359443,-0.11170855250340939,-0.09452561854665886,-0.15452951490356515,252.0
0.08,C,down,falling,train,0.012289905761196707,0.16720101039541424,0.17545904983969685,0.295832118915768,360.0
0.08,A,up,rising,train,-0.006953722822786279,-0.0570569658690635,-0.05839305235029757,-0.05839305235029757,168.0
0.08,B,up,rising,train,0.030615755073959194,0.028766769865841146,0.10070519435844516,0.14942380460956306,252.0
0.08,C,up,falling,train,-0.012021145629661723,-0.07190962415815771,-0.06792671446158305,0.06445072054457235,360.0
0.08,A,up,rising,train,-0.1881760663990747,-0.14970406150078241,-0.272467514796925,-0.272467514796925,168.0
0.08,B,up,falling,train,0.02840861476577561,0.08933210424872207,-0.15310483533059593,-0.0292466270007542,252.0
0.08,C,up,falling,train,-0.08250634664204948,-0.17732133241018555,-0.13362566351257787,-0.08423724901915541,360.0
0.08,A,down,flat,train,0.07421333861072621,0.11438749257866632,0.15683752226400172,0.15683752226400172,168.0
0.08,B,down,falling,train,-0.04338607719188037,-0.06906435274254974,-0.07742746083474028,-0.1508500530056146,252.0
0.08,C,down,rising,train,0.1427299042529504,0.1259185036740147,0.16015364061456228,0.23491427299042522,360.0
0.08,A,up,falling,train,-0.012505323473614882,-0.07863254481396886,-0.0876146966587944,-0.0876146966587944,168.0
0.08,B,up,falling,train,0.03147688192586928,0.08291937332823851,0.04604508979747801,0.0725066870462363,252.0
0.08,C,up,falling,train,-0.0059021195933137705,-0.0565224883680856,-0.035929691538859276,-0.05669481302774437,360.0
0.08,A,up,rising,train,-0.10314911835952889,-0.11492310292377894,-0.11892287758436138,-0.11892287758436138,168.0
0.08,B,up,falling,train,0.0644543944536724,0.06972629450422474,0.1647288221275367,0.1861414024698489,252.0
0.08,C,up,flat,train,-0.010092185334699022,-0.03985660059046814,-0.07227209736699403,-0.07383864553835029,360.0
0.08,A,down,falling,train,0.03726257793243448,0.01297665651732638,0.07662751921125133,0.07662751921125133,168.0
0.08,B,down,flat,train,-0.02927032572454491,-0.026032315978456122,-0.046133624006155505,-0.07659015132085156,252.0
0.08,C,down,rising,train,0.014691407531624678,0.0453136961831504,0.10776129196894013,-0.14016988079180492,360.0
0.08,A,down,rising,train,0.009624353430000898,0.1045535487153395,-0.027601119308064193,-0.027601119308064193,168.0
0.08,B,down,falling,train,-0.03930600337785961,-0.10636419468754799,-0.0423384001228313,-0.057346844771994476,252.0
0.08,C,down,falling,train,0.028994985829518205,0.08781338565511221,0.09470241988227612,0.09239154131240457,360.0
0.08,A,down,rising,train,0.06262754523604386,0.050201804906806924,0.08444061493809829,0.08444061493809829,168.0
0.08,B,down,falling,train,-0.053325415676959476,-0.08079968329374498,-0.14342834520981784,-0.2573238321456849,252.0
0.08,C,down,rising,train,0.05049469421233388,0.12908186804736754,0.12826164966422304,0.04788024811606073,360.0
0.08,A,up,rising,train,-0.011356495197055283,-0.012523565849717144,-0.08874225693509286,-0.08874225693509286,168.0
0.08,B,up,falling,holdout,0.06063740702428455,0.03241219644352489,0.020787153342199716,0.0061080734939165104,252.0
0.08,C,up,falling,holdout,-0.04614754471396709,-0.07582032494424973,-0.07081418104036763,-0.17739953579392875,360.0
0.08,A,down,rising,holdout,0.21002799275481654,0.1780833196113949,0.12250946813765862,0.12250946813765862,168.0
0.08,B,down,falling,holdout,-0.022659511031604018,-0.023388325713907143,-0.05220963360498243,-0.08308487378254836,252.0
0.08,C,down,flat,holdout,0.017085727076027624,0.033052301723494715,0.08095202566589577,0.068566738789823,360.0
0.08,A,up,rising,holdout,-0.016009852216748777,-0.06170598911070779,-0.07168784029038111,-0.07168784029038111,168.0
0.08,B,up,falling,holdout,0.008363111077320795,0.04820193111837612,0.029727058465749412,0.036569603892648184,252.0
0.08,C,up,flat,holdout,-0.03454312840886142,-0.056292505555181505,-0.07480977711938586,-0.10457208268803442,360.0
0.08,A,down,rising,holdout,0.05669348939283103,0.040142648134601444,0.05212143379663514,0.05212143379663514,168.0
0.08,B,down,falling,holdout,-0.016638397544624817,-0.07390356190937719,-0.08763427832969872,-0.17405702285760438,252.0
0.08,C,down,falling,holdout,0.012306508989520237,0.09114508220363415,0.0691279684645707,0.07047399288529932,360.0
0.12,A,up,rising,train,-0.07766598119858992,-0.17560223266745,-0.18764688601645108,-0.1208137485311398,216.0
0.12,B,up,falling,train,0.08044543429844109,0.1587527839643652,0.04160356347438743,0.015501113585745907,360.0
0.12,C,up,falling,train,-0.0029512092292361958,-0.09152581349890776,-0.07991261354490065,-0.21099229619408988,552.0
0.12,A,down,rising,train,0.07146731760238656,0.05704728324744601,0.12286411716842949,0.04407377271494428,216.0
0.12,B,down,falling,train,-0.10005844535359443,-0.11170855250340939,-0.09452561854665886,-0.09105786090005841,360.0
0.12,C,down,falling,train,0.012289905761196707,0.16720101039541424,0.17545904983969685,0.5447877198095792,552.0
0.12,A,up,rising,train,-0.006953722822786279,-0.0570569658690635,-0.05839305235029757,-0.08235151220697201,216.0
0.12,B,up,rising,train,0.030615755073959194,0.028766769865841146,0.10070519435844516,0.1036721706226349,360.0
0.12,C,up,falling,train,-0.012021145629661723,-0.07190962415815771,-0.06792671446158305,-0.26815844738938377,552.0
0.12,A,down,falling,train,0.07421333861072621,0.11438749257866632,0.15683752226400172,0.2600930140510589,216.0
0.12,B,down,falling,train,-0.04338607719188037,-0.06906435274254974,-0.07742746083474028,-0.18960304684125795,360.0
0.12,C,down,rising,train,0.1427299042529504,0.1259185036740147,0.16015364061456228,0.23157425963037204,552.0
0.12,1,up,falling,train,-0.012505323473614882,-0.07863254481396886,-0.0876146966587944,-0.060087498548143436,120.0
0.12,2,up,flat,train,0.0698988697204046,0.08348205433273859,0.09394209795756514,0.5784255403529648,744.0
0.12,3,up,rising,train,-0.10314911835952889,-0.11492310292377894,-0.11892287758436138,-0.21993127147766312,264.0
0.12,4,up,falling,train,0.0644543944536724,0.06972629450422474,0.1647288221275367,0.1113959702462628,312.0
0.12,5,up,flat,train,-0.010092185334699022,-0.03985660059046814,-0.07227209736699403,-0.15105139483039098,552.0
0.12,1,down,falling,train,0.03726257793243448,0.01297665651732638,0.07662751921125133,0.018413803102798276,120.0
0.12,2,down,flat,train,-0.02927032572454491,-0.026032315978456122,-0.046133624006155505,-0.19761477301872277,744.0
0.12,3,down,rising,train,0.028994985829518205,0.08781338565511221,0.09470241988227612,0.13516459559625038,264.0
0.12,4,down,falling,train,-0.0046478234582828515,-0.03627569528415964,-0.04534461910519938,-0.13595828295042323,312.0
0.12,5,down,rising,train,0.06262754523604386,0.050201804906806924,0.08444061493809829,-0.002358169697519341,552.0
0.12,A,down,rising,train,0.05049469421233388,0.12908186804736754,0.12826164966422304,0.04070333726354636,216.0
0.12,B,down,rising,train,-0.011356495197055283,-0.012523565849717144,-0.08874225693509286,-0.054538109345542596,360.0
0.12,C,down,falling,holdout,0.05632088520055323,0.06340248962655592,0.013775933609958546,0.15668049792531114,552.0
0.12,A,down,rising,holdout,0.21002799275481654,0.1780833196113949,0.12250946813765862,0.24263131895274181,216.0
0.12,B,down,falling,holdout,-0.016009852216748777,-0.06170598911070779,-0.07168784029038111,-0.130801140782992,360.0
0.12,C,down,falling,holdout,0.008363111077320795,0.04820193111837612,0.029727058465749412,0.06500418155553866,552.0
0.12,A,down,rising,holdout,0.05669348939283103,0.040142648134601444,0.05212143379663514,0.132132406730066,216.0
0.12,B,down,falling,holdout,-0.016638397544624817,-0.07390356190937719,-0.08763427832969872,-0.15992246183668524,360.0
0.12,C,down,falling,holdout,0.009662808253648736,0.11323603422244588,0.5295420231504782,0.426572722697534,552.0
0.05,A,up,falling,train,-0.014863980555295808,-0.0683369168925867,-0.013181265775450979,-0.05468823034495651,96.0
0.05,B,up,falling,train,0.014649809351796161,0.05358217940999399,0.08418623319285556,0.1031507124222355,120.0
0.05,C,up,rising,train,-0.0289662710805747,-0.16575577763897564,-0.14569019362898183,-0.1289038101186758,192.0
0.05,1,up,rising,train,-0.013599777962808646,-0.030668887038579062,-0.04621149042464612,-0.015542603386067166,120.0
0.05,2,up,falling,train,0.044687642498860036,0.22685818513451883,0.20922632618939052,0.2918376652986776,264.0
0.05,3,up,rising,train,-0.043263217737350756,-0.09545196134167144,-0.03365548607163171,-0.09289368959636157,96.0
0.05,4,up,falling,train,0.04552362074661365,0.2983151635282457,0.8351503138420877,0.2983151635282457,72.0
0.05,5,up,rising,train,-0.09074956129355716,-0.08711456505389825,-0.052795186763599844,-0.030508899473552176,192.0
0.05,A,up,flat,train,-0.08732832942160673,-0.06824994771454462,0.02323798015476486,-0.06676271698463965,96.0
0.05,B,up,falling,train,0.03588498204459123,0.10135117678972794,0.04988761722685808,0.137597850517994,120.0
0.05,C,up,falling,train,-0.03585946903458781,-0.017146231235664167,0.05916017532305329,-0.060704471646265246,192.0
0.05,1,down,rising,train,0.05117920337132853,0.03835901601888758,0.0005838897210022065,0.03224086720316843,120.0
0.05,2,down,falling,train,-0.01917550172676119,-0.038278551935662986,-0.13483227473615567,-0.24488613036443108,264.0
0.05,3,down,rising,train,0.03943454760610221,0.06921034956983396,0.005373077046086916,9.594780439425854e-05,96.0
0.05,4,down,falling,train,-0.008305894218504473,-0.07484203969030889,-0.06267983744178474,-0.07484203969030889,72.0
0.05,5,down,falling,train,0.04017570860587405,0.006637168141592875,0.21812876747466992,0.26599974349108635,192.0
0.05,A,up,rising,train,-0.03173437341708041,-0.11863033127342737,-0.13577651707020577,-0.13309188532063632,96.0
0.05,B,up,rising,train,0.04019317650724408,0.046642779249104205,0.17295528898582324,0.10895778158591685,120.0
0.05,C,up,rising,train,-0.045442504515352145,-0.14620108368452733,-0.1552799518362432,-0.14875376279349783,192.0
0.05,A,down,falling,train,0.06259559070392062,-0.04442869399783633,-0.07139926138695107,-0.07490580818442938,96.0
0.05,B,down,rising,train,-0.07516236615762673,-0.12940143935404602,-0.10359838511497277,-0.11223450939090751,120.0
0.05,C,down,falling,train,0.025882352941176467,0.03586206896551736,0.10275862068965536,0.10243407707910746,192.0
0.05,1,down,flat,train,0.024031315033197886,-0.013279159647210381,-0.016797145971657934,0.014517887226241255,120.0
0.05,2,down,rising,train,-0.1682399131233815,-0.14480828669284107,-0.2982207000250605,-0.30991562943780804,264.0
0.05,3,down,falling,train,0.06774821544451659,0.0721609344581442,0.12504866969500328,0.11589876703439339,96.0
0.05,4,down,falling,train,-0.047827797448434906,-0.05929298038554487,0.09526218175687062,-0.05929298038554487,72.0
0.05,5,down,falling,train,0.0005379879251599107,0.09390878115846735,0.07699204973399487,0.013688803873513233,192.0
0.05,A,down,falling,train,0.055322819122720635,-0.08070478068013798,-0.05378265155248885,-0.0792878265155248,96.0
0.05,B,down,rising,train,-0.013368359603035729,-0.12755399883245777,-0.0657910099241098,-0.06386456509048455,120.0
0.05,C,down,rising,train,0.1269941668423642,0.12467495958957064,0.07934499964860486,0.08714596949891074,192.0
0.05,1,up,falling,train,-0.030295801526717514,-0.08408874045801529,-0.06178435114503822,-0.0705510496183207,120.0
0.05,2,up,falling,train,0.007227503581195505,0.026500846464383443,0.16317228805834083,0.1841385597082954,264.0
0.05,3,up,rising,train,-0.005258257106863229,-0.017910938270252585,-0.01046174070219652,-0.019170729035438483,96.0
0.05,4,up,falling,train,0.048520023215322006,0.019500870574579166,-0.0015670342426001849,0.019500870574579166,72.0
0.05,5,up,rising,train,-0.0322296292215305,-0.06021706793014159,0.131232438984078,0.38086055864690627,192.0
0.05,A,up,rising,train,-0.07512767315671876,-0.03925949569103093,-0.14375199489307366,-0.0713373763166294,96.0
0.05,B,up,falling,train,0.08596989888635198,0.054284516098970226,0.04901915101812593,0.14440147243837664,120.0
0.05,C,up,rising,train,-0.08306188925081437,-0.0842019543973942,-0.12504071661237792,-0.2118892508143323,192.0
0.05,1,down,falling,train,0.04525257249766135,0.07676566884939207,0.05881665107577172,0.16066417212347983,120.0
0.05,2,down,falling,train,-0.02795688091879911,-0.09127543824299822,-0.1467862180132984,-0.22169050977231508,264.0
0.05,3,down,flat,train,0.08254031192175515,0.08749669574411834,0.11968014803066329,0.057229711868887145,96.0
0.05,4,down,falling,train,-0.025084105530307488,-0.0043085640087352495,0.014873399043852986,-0.0043085640087352495,72.0
0.05,5,down,rising,train,0.0691425312123708,0.03238481526078951,0.0832752392420304,0.1444958489131123,192.0
0.05,1,up,rising,train,-0.05312717972564529,-0.0005231341548477264,0.13368983957219238,-0.006451987909788404,120.0
0.05,2,up,falling,train,0.008103130755064525,0.030877839165132093,0.23449969306322904,0.22289748311847757,264.0
0.05,3,up,rising,train,-0.008364991233197006,-0.12072618351841025,-0.12072618351841025,-0.15217708942139097,96.0
0.05,4,up,falling,train,0.040414616270547654,0.04612082504449799,0.25609883781802956,0.04612082504449799,72.0
0.05,5,up,falling,train,-0.05019249964351913,0.056609154427491815,0.055420885023052424,0.12087076381957318,192.0
0.05,A,up,rising,train,-0.02525631407851958,-0.01717095940651825,-0.036550804367758594,0.019921647078436244,96.0
0.05,B,up,falling,train,0.06201306012159424,0.0077910380544923274,0.0024769196126999127,0.041071830668768294,120.0
0.05,C,up,rising,train,-0.08556717881660669,-0.05536940176528282,-0.09414841451454725,-0.1225482183720169,192.0
0.05,A,down,falling,train,0.05849209759824281,0.1484028076206847,0.04278279138614338,0.12849162011173187,96.0
0.05,B,down,rising,train,-0.017338156417612605,-0.12839382977838754,-0.11051515529499811,-0.08989231216997218,120.0
0.05,C,down,falling,train,0.04178791203549115,0.07036206649811572,0.005151934360539956,0.025044125363735903,192.0
0.05,1,up,falling,train,-0.04657277832248863,-0.04773152687405291,-0.05356983688385775,-0.04233888938408059,120.0
0.05,2,up,rising,train,0.019790233021688586,0.007830667742394715,0.14678942622561797,0.3076265957951687,264.0
0.05,3,up,rising,train,-0.03923534292035391,-0.06685564159292023,-0.07487555309734495,-0.02329922566371667,96.0
0.05,4,up,falling,train,0.006075062427788769,0.038276620327233335,-0.10089076068726466,0.038276620327233335,72.0
0.05,5,up,rising,train,-0.014015714589084793,-0.05280668223968288,-0.14670489134281872,-0.21097897642811647,192.0
0.05,1,down,rising,train,0.04234513075853408,0.0647736957789442,0.1753465213295653,0.044677701520656754,120.0
0.05,2,down,rising,train,-0.07243816254416957,-0.06589730095481539,-0.19626343883918496,-0.3056913014059093,264.0
0.05,3,down,rising,train,0.11792962003454233,0.10292530224525054,0.02315414507772018,0.05904576856649402,96.0
0.05,4,down,falling,train,-0.04424489032318413,-0.11842289883541468,-0.0643562041064496,-0.11842289883541468,72.0
0.05,5,down,falling,train,0.026367081754195887,0.08310774228478612,0.07065511640498112,0.06410395235517052,192.0
0.05,A,up,falling,train,-0.029042739315171207,-0.02569357660584859,0.0016495876030993006,-0.011497125718570311,96.0
0.05,B,up,falling,train,0.026274220724515462,0.03485678180286422,0.012742207245155956,0.05507582139848366,120.0
0.05,C,up,falling,train,-0.02647816158966143,-0.06553952290725351,-0.09425253850264781,-0.186756060826896,192.0
0.05,A,down,rising,train,0.10625000000000018,0.10959158415841586,0.013861386138613874,0.12469059405940586,96.0
0.05,B,down,falling,train,-0.053259972489683616,-0.09854195323246207,-0.1631361760660247,-0.10228335625859697,120.0
0.05,C,down,rising,train,0.06311637080867838,-0.020775805391190172,-0.0018408941485864583,0.006048652202498284,192.0
0.05,A,down,rising,train,0.03379197262422462,0.09089612889427512,0.057817067084907636,0.10322948599130233,96.0
0.05,B,down,falling,train,-0.013376413570274526,-0.04116316639741513,-0.01990306946688203,-0.12439418416801284,120.0
0.05,C,down,rising,holdout,0.07579335793357944,0.08797047970479688,0.05239852398523981,0.09188191881918817,192.0
0.05,A,up,falling,holdout,-0.02802136216786444,-0.07845981407002045,-0.05492186984901437,-0.08577833454209793,96.0
0.05,B,up,falling,holdout,0.02841482763594394,0.03375162267416698,-0.03317467185922396,-0.012765036780614358,120.0
0.05,C,up,rising,holdout,-0.031159175397093675,-0.07475498479215947,-0.10915849949307199,-0.14592767826968567,192.0
0.05,A,down,rising,holdout,0.08331967884646874,0.0742257905947894,0.013190234310994642,0.08602326724561693,96.0
0.05,B,down,falling,holdout,-0.024743512371756204,-0.06706397103198558,-0.07317441158720595,-0.06185878092939057,120.0
0.05,C,down,rising,holdout,0.0794380587484036,0.21856108982545752,0.24640272456364398,0.20885483184333764,192.0
0.05,A,up,rising,holdout,-0.007776459733755181,-0.06432054830631351,-0.09931461710821143,-0.07255832344800328,96.0
0.05,B,up,falling,holdout,0.08494914758176608,0.024731104119411595,-0.054876710324138434,0.009072949440257494,120.0
0.05,C,up,rising,holdout,-0.007350957647693557,-0.06845157809549496,-0.16799298624224446,-0.14681683301861337,192.0
0.05,1,down,falling,holdout,0.024612808706571787,0.04654667224780251,-0.12724989535370457,-0.030473001255755583,120.0
0.05,2,down,falling,holdout,-0.009350978682938327,-0.08225691417703462,-0.159442111102306,-0.22125366510817024,264.0
0.05,3,down,rising,holdout,0.11262991414369616,0.09161771351107095,0.05061003163126965,0.08608224130140085,96.0
0.05,4,down,rising,holdout,-0.002233729312620558,-0.023860290384810523,-0.018580566554980193,-0.023860290384810523,72.0
0.05,5,down,falling,holdout,0.020968273136458437,0.21901416181798217,0.08189702492040829,0.07970139422549138,192.0
0.05,A,up,rising,holdout,-0.07537824207492794,-0.09356988472622474,-0.11275216138328537,-0.11248198847262247,96.0
0.05,B,up,falling,holdout,0.10418034580871094,0.02210549354344482,-0.015648938498577403,0.005581089954038054,120.0
0.05,C,up,rising,holdout,-0.038652130822596664,-0.06769078295341924,-0.019425173439048593,-0.07254707631318147,192.0
0.05,A,down,rising,holdout,0.09994441356309047,0.014452473596442417,0.050806003335186256,-0.00033351862145636346,96.0
0.05,B,down,rising,holdout,-0.054174247018395016,-0.09116636345259754,-0.06124924196482717,-0.08520315342631901,120.0
0.05,C,down,falling,holdout,0.015483002356108999,0.042073375967687676,0.09301020980590158,0.1562885672613037,192.0
0.05,A,up,rising,holdout,-0.028235979041335124,-0.0923733747331652,-0.08606636910537557,-0.08626043081699974,96.0
0.05,B,up,falling,holdout,0.044930108719769324,0.06689593964943419,0.0032172176614155834,-0.00022187708009757667,120.0
0.05,C,up,flat,holdout,-0.04263283768326931,-0.05396693355516269,-0.041281064781116816,-0.05999792034938145,192.0
0.05,1,up,rising,holdout,-0.046761866452131984,-0.042638777152051444,-0.01035800482703142,-0.03831456154464996,120.0
0.05,2,up,rising,holdout,0.023105857066093582,0.0277270284793123,0.06641590542718978,0.14476088124664166,264.0
0.05,3,up,falling,holdout,-0.020807940100992517,-0.046317255789657064,-0.04118056764757094,-0.0530210691276336,96.0
0.05,4,up,rising,holdout,0.015387467556544188,0.04217649239896182,0.07035595105672976,0.04217649239896182,72.0
0.05,5,up,rising,holdout,-0.018013336797436552,-0.05594526716896164,-0.08495713172252528,-0.11370918853381828,192.0
0.05,1,down,flat,holdout,0.005399435513559814,0.059393790649159284,0.05534421401398926,0.017916308749539755,120.0
0.05,2,down,falling,holdout,-0.00877192982456143,-0.03407557354925783,-0.07523616734143057,-0.15755735492577594,264.0
0.05,3,down,rising,holdout,0.001803801859303622,0.07603718606909937,0.029415845705564214,0.07770223393922593,96.0
0.05,4,down,falling,holdout,-0.016174582798459514,-0.07021822849807446,-0.06636713735558397,-0.07021822849807446,72.0
0.05,5,down,flat,holdout,0.005347593582887722,0.060846943199884373,0.020523196993785353,0.006359300476947549,192.0
0.05,A,up,falling,holdout,-0.04114441416893744,-0.044414168937329856,-0.03528610354223449,-0.038010899182561286,96.0
0.05,B,up,falling,holdout,0.008105369807497542,0.003763207410623748,0.01577652337530777,0.04067158778405,120.0
0.05,C,up,rising,holdout,-0.03522106840809336,-0.061342468686436225,-0.12161438818113701,-0.11294293972808056,192.0
0.08,1,up,rising,train,-0.0289662710805747,-0.16575577763897564,-0.14569019362898183,-0.1470955652717052,144.0
0.08,2,up,falling,train,0.004204892966360951,0.04568042813455664,0.0317278287461773,0.3111620795107033,384.0
0.08,3,up,rising,train,-0.013599777962808646,-0.030668887038579062,-0.04621149042464612,-0.015542603386067166,120.0
0.08,4,up,falling,train,0.044687642498860036,0.22685818513451883,0.20922632618939052,0.27899376804985554,120.0
0.08,5,up,rising,train,-0.043263217737350756,-0.09545196134167144,-0.03365548607163171,1.267765776009096,360.0
0.08,A,up,rising,train,-0.09074956129355716,-0.08711456505389825,-0.052795186763599844,-0.052795186763599844,168.0
0.08,B,up,falling,train,0.05177832919768388,0.011910669975186083,0.06625310173697274,0.17207058174800105,252.0
0.08,C,up,flat,train,-0.08732832942160673,-0.06824994771454462,0.02323798015476486,-0.03887714079892168,360.0
0.08,A,down,falling,train,0.04017570860587405,0.006637168141592875,0.21812876747466992,0.21812876747466992,168.0
0.08,B,down,rising,train,-0.03173437341708041,-0.11863033127342737,-0.13577651707020577,-0.10852497214061396,252.0
0.08,C,down,rising,train,0.04019317650724408,0.046642779249104205,0.17295528898582324,0.09291166848418753,360.0
0.08,A,down,flat,train,0.025882352941176467,0.03586206896551736,0.10275862068965536,0.10275862068965536,168.0
0.08,B,down,rising,train,-0.00029430158554988317,-0.05014163263804594,-0.12559320163337384,-0.24003973071404927,252.0
0.08,C,down,flat,train,0.024031315033197886,-0.013279159647210381,-0.016797145971657934,-0.12813398077494798,360.0
0.08,A,down,falling,train,0.06774821544451659,0.0721609344581442,0.12504866969500328,0.12504866969500328,168.0
0.08,B,down,falling,train,-0.022629310344827624,-0.12982348111658448,-0.15938013136288998,-0.15696839080459768,252.0
0.08,C,down,rising,train,0.1269941668423642,0.12467495958957064,0.07934499964860486,0.25546419284559696,360.0
0.08,1,up,falling,train,-0.030295801526717514,-0.08408874045801529,-0.06178435114503822,-0.05981631679389299,144.0
0.08,2,up,falling,train,0.007227503581195505,0.026500846464383443,0.16317228805834083,0.17632504232321922,384.0
0.08,3,up,rising,train,-0.07512767315671876,-0.03925949569103093,-0.14375199489307366,-0.12480051069262676,120.0
0.08,4,up,falling,train,0.08596989888635198,0.054284516098970226,0.04901915101812593,0.14440147243837664,120.0
0.08,5,up,rising,train,-0.08306188925081437,-0.0842019543973942,-0.12504071661237792,-0.27206840390879483,360.0
0.08,A,down,falling,train,0.04525257249766135,0.07676566884939207,0.05881665107577172,0.05881665107577172,168.0
0.08,B,down,falling,train,-0.02795688091879911,-0.09127543824299822,-0.1467862180132984,-0.17736248236953456,252.0
0.08,C,down,flat,train,0.08254031192175515,0.08749669574411834,0.11968014803066329,0.10976738038593692,360.0
0.08,A,up,rising,train,-0.008364991233197006,-0.12072618351841025,-0.12072618351841025,-0.12072618351841025,168.0
0.08,B,up,falling,train,0.040414616270547654,0.04612082504449799,0.25609883781802956,0.29091194639304785,252.0
0.08,C,up,rising,train,-0.08556717881660669,-0.05536940176528282,-0.09414841451454725,-0.08311539718862371,360.0
0.08,A,down,falling,train,0.05849209759824281,0.1484028076206847,0.04278279138614338,0.04278279138614338,168.0
0.08,B,down,rising,train,-0.017338156417612605,-0.12839382977838754,-0.11051515529499811,-0.12053552866824657,252.0
0.08,C,down,falling,train,0.04178791203549115,0.07036206649811572,0.005151934360539956,0.1477364880980776,360.0
0.08,A,up,rising,train,-0.03923534292035391,-0.06685564159292023,-0.07487555309734495,-0.07487555309734495,168.0
0.08,B,up,falling,train,0.04234513075853408,0.0647736957789442,0.1753465213295653,0.1660162382810748,252.0
0.08,C,up,rising,train,-0.07243816254416957,-0.06589730095481539,-0.19626343883918496,-0.2698293361401398,360.0
0.08,A,down,rising,train,0.11792962003454233,0.10292530224525054,0.02315414507772018,0.02315414507772018,168.0
0.08,B,down,falling,train,-0.04424489032318413,-0.11842289883541468,-0.0643562041064496,-0.0769842383424536,252.0
0.08,C,down,falling,train,0.026367081754195887,0.08310774228478612,0.07065511640498112,0.014347590687601386,360.0
0.08,1,down,rising,train,0.10625000000000018,0.10959158415841586,0.013861386138613874,0.053094059405940586,144.0
0.08,2,down,falling,train,-0.053259972489683616,-0.09854195323246207,-0.1631361760660247,-0.14855570839064647,384.0
0.08,3,down,rising,train,0.03379197262422462,0.09089612889427512,0.057817067084907636,0.08847223212376143,120.0
0.08,4,down,falling,train,-0.013376413570274526,-0.04116316639741513,-0.01990306946688203,-0.12439418416801284,120.0
0.08,5,down,rising,holdout,0.07579335793357944,0.08797047970479688,0.05239852398523981,-0.0273062730627307,360.0
0.08,A,down,rising,holdout,0.08331967884646874,0.0742257905947894,0.013190234310994642,0.013190234310994642,168.0
0.08,B,down,falling,holdout,-0.024743512371756204,-0.06706397103198558,-0.07317441158720595,-0.023234761617380806,252.0
0.08,C,down,rising,holdout,0.0794380587484036,0.21856108982545752,0.24640272456364398,0.19242230736483612,360.0
0.08,A,up,rising,holdout,-0.007776459733755181,-0.06432054830631351,-0.09931461710821143,-0.09931461710821143,168.0
0.08,B,up,falling,holdout,0.08494914758176608,0.024731104119411595,-0.054876710324138434,-0.08377844442818483,252.0
0.08,C,up,rising,holdout,-0.007350957647693557,-0.06845157809549496,-0.16799298624224446,-0.15693282978149437,360.0
0.08,A,down,rising,holdout,0.11262991414369616,0.09161771351107095,0.05061003163126965,0.05061003163126965,168.0
0.08,B,down,falling,holdout,-0.07537824207492794,-0.09356988472622474,-0.11275216138328537,-0.15255763688760804,252.0
0.08,C,down,falling,holdout,0.10418034580871094,0.02210549354344482,-0.015648938498577403,0.01641497045305318,360.0
0.08,A,up,rising,holdout,-0.038652130822596664,-0.06769078295341924,-0.019425173439048593,-0.019425173439048593,168.0
0.08,B,up,rising,holdout,0.09994441356309047,0.014452473596442417,0.050806003335186256,0.05914396887159534,252.0
0.08,C,up,rising,holdout,-0.054174247018395016,-0.09116636345259754,-0.06124924196482717,-0.054578532443905425,360.0
0.08,A,up,rising,holdout,-0.028235979041335124,-0.0923733747331652,-0.08606636910537557,-0.08606636910537557,168.0
0.08,B,up,falling,holdout,0.009542831779849159,0.007767421216156256,0.01608965823346642,0.004549489569462883,252.0
0.08,C,up,flat,holdout,-0.018013336797436552,-0.05594526716896164,-0.08495713172252528,-0.13674547501515544,360.0
0.08,1,down,flat,holdout,0.005399435513559814,0.059393790649159284,0.05534421401398926,0.05595778623143932,144.0
0.08,2,down,falling,holdout,-0.00877192982456143,-0.03407557354925783,-0.07523616734143057,-0.18949617633828164,384.0
0.08,3,down,rising,holdout,0.001803801859303622,0.07603718606909937,0.029415845705564214,0.08089357569030109,120.0
0.08,4,down,falling,holdout,-0.016174582798459514,-0.07021822849807446,-0.06636713735558397,-0.04878048780487798,120.0
0.08,5,down,flat,holdout,0.008105369807497542,0.003763207410623748,0.01577652337530777,0.32537270227239823,360.0
0.08,A,up,rising,holdout,-0.03522106840809336,-0.061342468686436225,-0.12161438818113701,-0.12161438818113701,168.0
0.08,B,up,falling,holdout,0.0011019958369045124,0.03808007836414817,0.10260805681400753,0.04150850985674048,252.0
0.08,C,up,rising,holdout,-0.0045094588649362555,-0.052243730752309814,-0.06236251649802016,-0.06236251649802016,360.0
0.12,1,up,rising,train,-0.0289662710805747,-0.16575577763897564,-0.14569019362898183,-0.17957526545908797,120.0
0.12,2,up,falling,train,0.004204892966360951,0.04568042813455664,0.0317278287461773,0.5248470948012234,744.0
0.12,3,up,rising,train,-0.043263217737350756,-0.09545196134167144,-0.03365548607163171,0.24451392836839103,264.0
0.12,4,up,falling,train,0.04552362074661365,0.2983151635282457,0.8351503138420877,1.4060125536835146,312.0
0.12,5,up,falling,train,-0.11316951841845702,-0.11216175650756899,-0.1281572966250697,-0.32248381148419747,552.0
0.12,A,down,falling,train,0.04017570860587405,0.006637168141592875,0.21812876747466992,0.2258240348852123,216.0
0.12,B,down,rising,train,-0.03173437341708041,-0.11863033127342737,-0.13577651707020577,-0.09261979536014597,360.0
0.12,C,down,rising,train,0.04019317650724408,0.046642779249104205,0.17295528898582324,-0.04047359401775974,552.0
0.12,1,down,falling,train,0.024031315033197886,-0.013279159647210381,-0.016797145971657934,0.014517887226241255,120.0
0.12,2,down,rising,train,-0.1682399131233815,-0.14480828669284107,-0.2982207000250605,-0.3157630941441818,744.0
0.12,3,down,falling,train,0.06774821544451659,0.0721609344581442,0.12504866969500328,0.0855937702790397,264.0
0.12,4,down,falling,train,-0.022629310344827624,-0.12982348111658448,-0.15938013136288998,-0.26985837438423643,312.0
0.12,5,down,rising,train,0.1269941668423642,0.12467495958957064,0.07934499964860486,0.269660552393,552.0
0.12,A,up,flat,train,-0.07512767315671876,-0.03925949569103093,-0.14375199489307366,-0.10441270347909337,216.0
0.12,B,up,falling,train,0.08596989888635198,0.054284516098970226,0.04901915101812593,-0.09789851358277812,360.0
0.12,C,up,rising,train,-0.08306188925081437,-0.0842019543973942,-0.12504071661237792,-0.27422638436482094,552.0
0.12,A,down,falling,train,0.04525257249766135,0.07676566884939207,0.05881665107577172,0.04215388213283444,216.0
0.12,B,down,falling,train,-0.02795688091879911,-0.09127543824299822,-0.1467862180132984,-0.17106588756800323,360.0
0.12,C,down,flat,train,0.08254031192175515,0.08749669574411834,0.11968014803066329,0.3164816283372984,552.0
0.12,A,up,rising,train,-0.008364991233197006,-0.12072618351841025,-0.12072618351841025,-0.18194769140853295,216.0
0.12,B,up,falling,train,0.040414616270547654,0.04612082504449799,0.25609883781802956,0.22798659826196221,360.0
0.12,C,up,rising,train,-0.08556717881660669,-0.05536940176528282,-0.09414841451454725,-0.10971722785223925,552.0
0.12,A,down,falling,train,0.05849209759824281,0.1484028076206847,0.04278279138614338,0.07138423339540645,216.0
0.12,B,down,rising,train,-0.017338156417612605,-0.12839382977838754,-0.11051515529499811,-0.1021994927445844,360.0
0.12,C,down,falling,train,0.04178791203549115,0.07036206649811572,0.005151934360539956,0.34780327243238096,552.0
0.12,A,up,rising,train,-0.03923534292035391,-0.06685564159292023,-0.07487555309734495,-0.1660674778761061,216.0
0.12,B,up,falling,train,0.04234513075853408,0.0647736957789442,0.1753465213295653,-0.13403310456197004,360.0
0.12,C,up,rising,train,-0.07243816254416957,-0.06589730095481539,-0.19626343883918496,-0.27697165626644604,552.0
0.12,A,down,rising,train,0.11792962003454233,0.10292530224525054,0.02315414507772018,0.07971718480138179,216.0
0.12,B,down,falling,train,-0.04424489032318413,-0.11842289883541468,-0.0643562041064496,-0.0943828632898368,360.0
0.12,C,down,falling,train,0.10625000000000018,0.10959158415841586,0.013861386138613874,-0.08180693069306921,552.0
0.12,1,down,falling,holdout,0.0794380587484036,0.21856108982545752,0.24640272456364398,0.2919540229885058,120.0
0.12,2,down,rising,holdout,-0.007776459733755181,-0.06432054830631351,-0.09931461710821143,-0.41663371556609996,744.0
0.12,3,down,rising,holdout,0.11262991414369616,0.09161771351107095,0.05061003163126965,0.14121102575689104,264.0
0.12,4,down,falling,holdout,-0.07537824207492794,-0.09356988472622474,-0.11275216138328537,-0.15886167146974062,312.0
0.12,5,down,rising,holdout,0.015483002356108999,0.042073375967687676,0.09301020980590158,0.03590261415909346,552.0
0.12,A,up,rising,holdout,-0.028235979041335124,-0.0923733747331652,-0.08606636910537557,-0.06685425965457004,216.0
0.12,B,up,falling,holdout,0.009542831779849159,0.007767421216156256,0.01608965823346642,0.03273413226808697,360.0
0.12,C,up,flat,holdout,-0.018013336797436552,-0.05594526716896164,-0.08495713172252528,-0.29046505585866456,552.0
0.05,A,up,rising,train,-0.009869179820081064,-0.06527828121395851,-0.08508254522687597,-0.09839522852341254,96.0
0.05,B,up,rising,train,0.004701674164761416,0.03777933475920059,0.05216092632199998,0.040581901320156266,120.0
0.05,C,up,falling,train,-0.011882168495750522,-0.03452430068487511,-0.02744450862282366,-0.008135984817229214,192.0
0.05,A,down,rising,train,0.014063695153327282,0.044816076767957735,-0.00396356303455947,0.05397747027327715,96.0
0.05,B,down,rising,train,-0.01758234508238632,-0.0549736924574048,-0.07097263685694966,-0.08001121575483683,120.0
0.05,C,down,falling,train,0.01932751818741174,0.08273915089217843,0.19396286510550498,0.1317094357378117,192.0
0.05,A,up,rising,train,-0.052140172183824385,-0.05717230508063542,-0.0617042560931248,-0.061522371771553286,96.0
0.05,B,up,falling,train,0.02703506135323952,0.07426797245297356,0.06388003501180828,0.050486366864296306,120.0
0.05,C,up,rising,train,-0.03574568717217952,-0.023451475002273736,-0.0056089500651850255,-0.018130552102598174,192.0
0.05,A,up,rising,train,-0.010671219720414071,-0.09706808238181619,-0.04524597161455546,-0.05130188880589037,96.0
0.05,B,up,rising,train,0.050686206438079084,0.07201843671980024,0.0599636583888552,0.062150064262605165,120.0
0.05,C,up,falling,train,-0.013642752804343572,-0.006959181986054053,-0.06476862442466169,-0.0857150731747649,192.0
0.05,A,down,rising,train,0.06850643354060204,0.08138890599027282,0.06936834328633856,0.060749245828972454,96.0
0.05,B,down,falling,train,-0.0437082825070928,-0.06068995764860674,-0.05586546237030743,-0.04498293608914361,120.0
0.05,C,down,falling,train,0.011498110399369654,0.011585659463324127,0.03306436315351724,0.053040141245823014,192.0
0.05,A,down,rising,train,0.0039849729653815835,0.07517028298574546,0.22333403553121278,0.08120918474826211,96.0
0.05,B,down,rising,train,-0.046149872284246385,-0.04998134488993489,-0.062293717532933446,-0.04217489883190306,120.0
0.05,C,down,falling,train,0.03306234905949168,-0.02064696078097894,0.011633048743154628,0.00872478655736586,192.0
0.05,A,up,flat,train,-0.027204370280834334,-0.05492676953989606,-0.06965135079980533,-0.050201717344552144,96.0
0.05,B,up,falling,train,0.05187418749097206,0.058247869420771314,0.04654773941932677,0.05499783330925889,120.0
0.05,C,up,falling,train,-0.020216723273491888,-0.02927381530001605,-0.027979945010512597,-0.03008248423095572,192.0
0.05,A,up,rising,train,-0.00014558159848598873,-0.046149366720046436,-0.03697772601543159,-0.04221866356092585,96.0
0.05,B,up,rising,train,0.014684983420180098,0.029212063792831255,0.033633349123638245,0.06379283120164225,120.0
0.05,C,up,falling,train,-0.009202909306813223,-0.027460293899361776,-0.03829597743802893,-0.0431943001335906,192.0
0.05,A,up,rising,train,-0.023462495556345497,-0.059841213413911576,-0.11020263064344116,-0.07204645100130347,96.0
0.05,B,up,falling,train,0.019413521585663895,0.025386912842791043,0.08403475427640505,0.07073038284007604,120.0
0.05,C,up,rising,train,-0.02242949145014439,-0.06817677104152786,-0.04274927825893848,-0.04286031534532542,192.0
0.05,1,up,rising,train,-0.05248592422941134,-0.028056112224449037,-0.052581353182555746,-0.08321404714190284,120.0
0.05,2,up,falling,train,0.01553911205073999,0.04947145877378434,0.15274841437632136,0.29312896405919653,264.0
0.05,3,up,rising,train,-0.03902961659141346,-0.13124665187112572,-0.11027779903573898,-0.002678503099410756,96.0
0.05,4,up,rising,train,0.02928642669326309,0.17381448907425856,-0.029014416538217458,0.17381448907425856,72.0
0.05,5,up,falling,train,-0.0065991405770412515,-0.10788827501534692,-0.14848066298342544,-0.15561694290976058,192.0
0.05,1,down,falling,train,0.014096499526963235,0.049006622516556186,0.04351939451277209,0.07710501419110694,120.0
0.05,2,down,falling,train,-0.03160667251975413,-0.052853380158033425,-0.1276558384547849,-0.12949956101843718,264.0
0.05,3,down,rising,train,0.02369516490553969,0.05827729747038113,0.022521080157967832,0.05753015263101724,96.0
0.05,4,down,falling,train,-0.004516711833784992,-0.04346080497842009,-0.06985847636254128,-0.04346080497842009,72.0
0.05,5,down,rising,train,0.003852172866257275,0.0411700975081255,0.06789454676778628,0.050559768869627986,192.0
0.05,A,up,falling,train,-0.009711989283322064,-0.023107836570663065,0.0046885465505692725,-0.0771377539629381,96.0
0.05,B,up,rising,holdout,0.06060239506471499,0.08866577960566091,0.08503689367364209,0.0769323817587999,120.0
0.05,C,up,falling,holdout,-0.022589052997393555,-0.033123370981754996,-0.029756733275412617,-0.03779322328410073,192.0
0.05,A,down,rising,holdout,0.0797041906327034,0.05160230073952343,0.009202958093672997,0.0458504519309777,96.0
0.05,B,down,falling,holdout,-0.015372907153729076,-0.031354642313546455,-0.05799086757990868,-0.0742770167427701,120.0
0.05,C,down,falling,holdout,0.07900599828620392,0.052099400171379484,0.08586118251928032,0.12784918594687245,192.0
0.05,A,up,falling,holdout,-0.015803069442334006,-0.057741984500835786,-0.009724965810667063,-0.07005014435496126,96.0
0.05,B,up,falling,holdout,0.037091503267973946,0.06486928104575163,0.10114379084967307,0.07124183006535945,120.0
0.05,C,up,rising,holdout,-0.016185991759858687,-0.05959387875220723,-0.059446733372572114,-0.060476751030017706,192.0
0.05,A,down,falling,holdout,0.007883461868037678,0.03084832904884327,0.0335904027420737,0.02862039417309359,96.0
0.05,B,down,flat,holdout,-0.00869693396226412,-0.04304245283018859,-0.029038915094339535,-0.05660377358490565,120.0
0.05,C,down,falling,holdout,0.007518796992481258,0.11309523809523814,-0.05325814536340856,-0.1032268170426065,192.0
0.05,A,down,falling,holdout,0.003493449781659441,0.05135371179039305,0.05484716157205227,0.03668122270742358,96.0
0.05,B,down,falling,holdout,-0.020718679184201894,-0.06377468436387179,-0.04451278730980901,-0.04839753965684679,120.0
0.05,C,down,falling,holdout,0.007317965605561749,0.04976216611781914,0.05525064032199034,0.04043175997072823,192.0
0.08,A,up,rising,train,-0.009869179820081064,-0.06527828121395851,-0.08508254522687597,-0.08508254522687597,168.0
0.08,B,up,rising,train,0.004701674164761416,0.03777933475920059,0.05216092632199998,0.05505568257246107,252.0
0.08,C,up,flat,train,-0.01758234508238632,-0.0549736924574048,-0.07097263685694966,0.023833479028187998,360.0
0.08,A,up,rising,train,-0.052140172183824385,-0.05717230508063542,-0.0617042560931248,-0.0617042560931248,168.0
0.08,B,up,falling,train,0.02703506135323952,0.07426797245297356,0.06388003501180828,0.08690195042195836,252.0
0.08,C,up,rising,train,-0.010671219720414071,-0.09706808238181619,-0.04524597161455546,-0.13333689040657337,360.0
0.08,A,down,falling,train,0.06850643354060204,0.08138890599027282,0.06936834328633856,0.06936834328633856,168.0
0.08,B,down,falling,train,-0.0437082825070928,-0.06068995764860674,-0.05586546237030743,-0.006510327435205077,252.0
0.08,C,down,flat,train,0.0039849729653815835,0.07517028298574546,0.22333403553121278,0.15193806614704042,360.0
0.08,A,down,falling,train,0.03837106456651429,0.09102542388829304,0.1895218201321065,0.1895218201321065,168.0
0.08,B,down,flat,train,-0.027204370280834334,-0.05492676953989606,-0.06965135079980533,-0.15244180022918863,252.0
0.08,C,down,falling,train,0.05187418749097206,0.058247869420771314,0.04654773941932677,0.09381770908565645,360.0
0.08,1,up,rising,train,-0.00014558159848598873,-0.046149366720046436,-0.03697772601543159,-0.03042655408356376,144.0
0.08,2,up,falling,train,0.03994154895275215,0.04903393408020795,0.06332196785192412,0.07225198895924656,384.0
0.08,3,up,rising,train,-0.023462495556345497,-0.059841213413911576,-0.11020263064344116,-0.10273729114824026,120.0
0.08,4,up,falling,train,0.019413521585663895,0.025386912842791043,0.08403475427640505,0.07073038284007604,120.0
0.08,5,up,flat,train,-0.05248592422941134,-0.028056112224449037,-0.052581353182555746,0.1673823838152495,360.0
0.08,A,up,rising,train,-0.03902961659141346,-0.13124665187112572,-0.11027779903573898,-0.11027779903573898,168.0
0.08,B,up,rising,train,0.02928642669326309,0.17381448907425856,-0.029014416538217458,-0.023664883488983657,252.0
0.08,C,up,falling,train,-0.0065991405770412515,-0.10788827501534692,-0.14848066298342544,-0.12599754450583178,360.0
0.08,A,down,falling,holdout,0.06060239506471499,0.08866577960566091,0.08503689367364209,0.08503689367364209,168.0
0.08,B,down,falling,holdout,-0.022589052997393555,-0.033123370981754996,-0.029756733275412617,-0.03464378801042567,252.0
0.08,C,down,falling,holdout,0.006390161562575436,0.03617072582589831,0.041837472871955717,0.08102242585001207,360.0
0.08,A,down,flat,holdout,0.07900599828620392,0.052099400171379484,0.08586118251928032,0.08586118251928032,168.0
0.08,B,down,falling,holdout,-0.016185991759858687,-0.05959387875220723,-0.059446733372572114,-0.10064743967039436,252.0
0.08,C,down,falling,holdout,0.007883461868037678,0.03084832904884327,0.0335904027420737,0.10214224507283642,360.0
0.12,A,up,rising,train,-0.010671219720414071,-0.09706808238181619,-0.04524597161455546,-0.038776544659054446,216.0
0.12,B,up,falling,train,0.06850643354060204,0.08138890599027282,0.06936834328633856,0.12296065997660532,360.0
0.12,C,up,falling,train,-0.0437082825070928,-0.06068995764860674,-0.05586546237030743,-0.0845657268951906,552.0
0.12,A,down,flat,train,0.0039849729653815835,0.07517028298574546,0.22333403553121278,0.1583807316901904,216.0
0.12,B,down,rising,train,-0.046149872284246385,-0.04998134488993489,-0.062293717532933446,-0.13136067502798265,360.0
0.12,C,down,falling,train,0.03837106456651429,0.09102542388829304,0.1895218201321065,0.11136829823670014,552.0
0.12,1,up,flat,train,-0.027204370280834334,-0.05492676953989606,-0.06965135079980533,-0.040673123714738635,120.0
0.12,2,up,falling,train,0.05187418749097206,0.058247869420771314,0.04654773941932677,0.20359670663007368,744.0
0.12,3,up,flat,train,-0.023462495556345497,-0.059841213413911576,-0.11020263064344116,-0.065410593672236,264.0
0.12,4,up,falling,train,0.019413521585663895,0.025386912842791043,0.08403475427640505,0.12381210969318479,312.0
0.12,5,up,rising,train,-0.03902961659141346,-0.13124665187112572,-0.11027779903573898,-0.16667942144333048,552.0
0.12,1,down,rising,train,0.02928642669326309,0.17381448907425856,-0.029014416538217458,0.05413002085411178,120.0
0.12,2,down,falling,train,-0.0065991405770412515,-0.10788827501534692,-0.14848066298342544,-0.2687231430325353,744.0
0.12,3,down,falling,holdout,0.06060239506471499,0.08866577960566091,0.08503689367364209,0.06628764969154455,264.0
0.12,4,down,falling,holdout,-0.018448239510858055,-0.0013704406493780796,-0.06883828800337344,-0.05292009276829013,312.0
0.12,5,down,flat,holdout,0.07900599828620392,0.052099400171379484,0.08586118251928032,0.09528706083976002,552.0
0.12,A,up,falling,holdout,-0.016185991759858687,-0.05959387875220723,-0.059446733372572114,-0.046645085344320214,216.0
0.12,B,up,falling,holdout,0.007883461868037678,0.03084832904884327,0.0335904027420737,0.10214224507283642,360.0
0.12,C,up,flat,holdout,-0.011407902058987118,-0.09474123539232038,-0.20075125208681133,-0.17877017250973848,552.0
0.05,A,up,rising,train,-0.012972831309513322,-0.0787105791910544,-0.0009347427273521669,-0.07195771817943553,96.0
0.05,B,up,falling,train,0.007329793286554143,0.062497629432960444,0.08062772615209557,0.08981604399772425,120.0
0.05,C,up,rising,train,-0.036778855442636926,-0.14864562000077286,-0.12955678349240707,-0.1282507052049926,192.0
0.05,A,down,rising,train,0.00030035385438464957,0.05716109291258764,-0.010953529627091951,0.058747336706056696,96.0
0.05,B,down,falling,train,-0.010815602836879434,-0.0658333333333333,-0.04701241134751766,-0.033076241134751716,120.0
0.05,C,down,rising,train,0.0019169814185664436,0.04415700267618217,0.06717026970599971,0.04677624461442109,192.0
0.05,A,up,falling,train,-0.054515248407536965,-0.07048579514622277,-0.014843508678193174,-0.08093802960353302,96.0
0.05,B,up,falling,train,0.018455627281914966,0.12820606204077167,-0.020394970454607586,0.02407334905445646,120.0
0.05,C,up,rising,train,-0.07838627413002774,-0.0967460778617083,-0.017625411582413264,0.01565627219316945,192.0
0.05,A,up,rising,train,-0.06445429013814508,-0.12872760421205032,0.02322526157744087,-0.07210220455657512,96.0
0.05,B,up,falling,train,0.06499161448155966,0.06041419845214091,0.14557721600787787,0.1250211561245056,120.0
0.05,C,up,falling,train,-0.05083286852452473,0.006996233327135837,0.19705139063909494,0.23254901150660023,192.0
0.05,1,up,rising,train,-0.04204878943506973,-0.024545383083534156,0.13688292631799603,0.13874986898647945,120.0
0.05,2,up,falling,train,0.04604717816148485,0.22115992525675443,0.309980752209281,0.3290388749174593,264.0
0.05,3,up,rising,train,-0.04443192816005337,-0.08167272208031229,-0.11834235034666574,0.02566279014421924,96.0
0.05,4,up,falling,train,0.11688154626930136,0.12808983911024718,0.2576568405139834,0.12808983911024718,72.0
0.05,5,up,falling,train,-0.14894268725519844,-0.0781603562280564,0.12042606468311257,0.10034037697994891,192.0
0.05,A,up,falling,train,-0.017926830101765323,-0.1501534339823808,-0.24526883410676825,-0.22109187585858103,96.0
0.05,B,up,flat,train,0.11158652540070646,0.10659241148238707,-0.05131757674544957,-0.02373902019378793,120.0
0.05,C,up,rising,train,-0.038510411462246874,-0.15175202898607743,-0.21262751238242117,-0.1451664299680162,192.0
0.05,A,down,falling,train,0.08567873970111362,0.1733110825759583,0.06884077884312712,0.178777174320361,96.0
0.05,B,down,flat,train,-0.10240928468329358,-0.17531720989560606,-0.18743915947769452,-0.1519208821456144,120.0
0.05,C,down,falling,train,0.049247118602057105,0.18863345313339108,0.29515739248977546,0.3776851737100839,192.0
0.05,A,up,rising,train,-0.05229444109191628,-0.0561250688725885,-0.152550440971975,-0.06595651375390277,96.0
0.05,B,up,falling,train,0.046042185433685656,0.11274364542652049,-0.11681269543602979,-0.09557402353856981,120.0
0.05,C,up,flat,train,-0.08695565766252766,-0.13935084344245352,-0.269321271284799,-0.2671351574796891,192.0
0.05,A,down,rising,train,0.05888365087437886,-0.06108426900356001,-0.10689135792809346,-0.0907388208599037,96.0
0.05,B,down,rising,train,-0.07778634732530054,-0.14130208886569462,-0.13189457301331453,-0.14847433831034185,120.0
0.05,C,down,falling,train,0.02923944587417182,0.05125116355472814,0.023709138695723553,0.0467064556754091,192.0
0.05,A,down,falling,train,0.1816949152542373,0.00745762711864395,0.03457627118644058,0.11389830508474574,96.0
0.05,B,down,rising,train,-0.1709695926563397,-0.05737234652897305,-0.20826161790017206,-0.08491107286288013,120.0
0.05,C,down,rising,train,0.02837370242214532,0.1806228373702421,-0.12525951557093418,-0.09134948096885809,192.0
0.05,A,down,falling,train,0.03876582278481022,0.03164556962025311,0.10996835443037956,0.08069620253164556,96.0
0.05,B,down,falling,train,-0.05322687957418493,-0.05189620758483027,0.014637391882900808,0.007318695941450404,120.0
0.05,C,down,falling,train,0.02077363896848139,0.08452722063037243,0.02077363896848139,-0.028653295128939882,192.0
0.05,A,down,rising,train,0.15736505032021975,0.1582799634034766,0.11985361390667881,0.2040256175663313,96.0
0.05,B,down,falling,train,-0.04103343465045595,-0.06990881458966569,-0.01747720364741645,-0.04787234042553201,120.0
0.05,C,down,rising,train,0.009803921568627416,0.02777777777777768,0.15522875816993476,0.2271241830065358,192.0
0.05,1,up,flat,train,-0.009296148738379806,-0.033200531208499307,-0.02058432934926957,-0.030544488711819473,120.0
0.05,2,up,falling,train,0.01319648093841641,0.16422287390029333,0.22727272727272707,0.1546920821114368,264.0
0.05,3,up,rising,train,-0.022413793103448154,-0.09482758620689646,-0.09770114942528729,-0.11954022988505741,96.0
0.05,4,up,falling,train,0.03590078328981727,0.024804177545691752,0.0013054830287206887,0.024804177545691752,72.0
0.05,5,up,rising,train,-0.07172743574417217,-0.07172743574417217,-0.10101613867304249,-0.16975493126120744,192.0
0.05,A,down,falling,train,0.0535714285714286,0.0652173913043479,0.0854037267080745,0.11490683229813659,96.0
0.05,B,down,flat,train,-0.03497409326424861,-0.1295336787564767,-0.15867875647668395,-0.13860103626943,120.0
0.05,C,down,rising,train,0.10055770055770052,0.12715572715572732,0.17589017589017586,0.14766194766194762,192.0
0.05,1,up,falling,train,-0.02400583728566219,-0.011090842758117447,-0.015979569500182422,-0.039255746078073694,120.0
0.05,2,up,rising,train,0.05119056852555648,0.0212518420848522,0.08330101605522366,0.17156596602807728,264.0
0.05,3,up,rising,train,-0.07567512587092506,-0.07013171947312213,-0.09286477139805727,-0.06372374510501955,96.0
0.05,4,up,falling,train,0.02133839794436354,0.0742375153614121,-0.054574907831527186,0.0742375153614121,72.0
0.05,5,up,falling,train,-0.05797930424834907,-0.07919504965940427,-0.1528781654620145,-0.11008267900785196,192.0
0.05,A,up,rising,train,-0.06315174772670396,-0.05597730875114704,0.10357053474597477,0.0693668140485526,96.0
0.05,B,up,falling,train,0.040503884878856145,0.18532481265229173,0.2323111581076731,0.2163578686037424,120.0
0.05,C,up,rising,train,-0.0862617329920099,-0.037468000930882095,-0.0929330540687302,-0.05426266387402068,192.0
0.05,A,up,falling,train,-0.06202517292210008,-0.006538912197150193,-0.10110745738367921,-0.02403900669010084,96.0
0.05,B,up,falling,train,0.08010960670535128,0.04049806576402326,0.014788845905867154,-0.017448420373952334,120.0
0.05,C,up,rising,train,-0.019400089538874732,-0.12751828085360395,-0.1259886584091926,-0.12319056857185495,192.0
0.05,A,down,falling,train,0.04263234413751826,0.07684084494997001,-0.037244505259556915,0.0017531856666381795,96.0
0.05,B,down,flat,train,-0.06972957947821945,-0.07862446888774177,-0.11356867728229358,-0.06726760115951236,120.0
0.05,C,down,falling,train,0.043260048856317956,-0.008527648234510354,0.02358427714856748,0.02389518099045085,192.0
0.05,A,up,falling,train,-0.0578627500633071,-0.06301173292816742,-0.004980163754536915,-0.05199628597957284,96.0
0.05,B,up,falling,train,0.011756227196973112,0.03837664970046406,0.12134588532048096,0.10202243142200795,120.0
0.05,C,up,rising,train,-0.009193663933773855,-0.062126880522168304,-0.06550983045450931,-0.07108174799012978,192.0
0.05,1,down,rising,train,0.045680238331678114,0.07596822244289969,0.13108242303872886,0.05809334657398213,120.0
0.05,2,down,rising,train,-0.06718014548566542,-0.05862216516902019,-0.15104835258878913,-0.2896876337184424,264.0
0.05,3,down,rising,train,0.10406976744186047,0.11046511627906996,-0.022674418604651247,0.04941860465116288,96.0
0.05,4,down,falling,train,-0.03729838709677413,-0.12147177419354838,-0.05947580645161288,-0.12147177419354838,72.0
0.05,5,down,flat,train,0.012650602409638445,0.12409638554216862,0.07831325301204806,0.08554216867469866,192.0
0.05,A,up,rising,train,-0.056806002143622636,-0.06591639871382637,-0.024115755627009627,-0.040728831725616366,96.0
0.05,B,up,falling,train,0.013372093023255927,0.04767441860465116,0.05406976744186043,0.0587209302325582,120.0
0.05,C,up,falling,train,-0.01832884097035037,-0.02264150943396237,-0.051752021563342354,-0.1778975741239892,192.0
0.05,1,down,rising,train,0.028610354223433276,0.07629427792915533,0.04087193460490468,0.08446866485013627,120.0
0.05,2,down,falling,train,-0.0660146699266504,-0.11124694376528121,-0.1852078239608802,-0.2591687041564792,264.0
0.05,3,down,rising,train,0.004950495049504955,0.06930693069306937,0.08333333333333348,0.07920792079207928,96.0
0.05,4,down,falling,train,-0.008178438661709975,-0.0342007434944237,0.0884758364312268,-0.0342007434944237,72.0
0.05,5,down,rising,holdout,0.11423841059602657,0.18046357615894038,0.13907284768211925,0.19288079470198682,192.0
0.05,A,up,rising,holdout,-0.02595628415300555,-0.049180327868852514,-0.037568306010928976,-0.06830601092896171,96.0
0.05,B,up,falling,holdout,0.0235294117647058,0.0117647058823529,0.0022058823529411686,0.036029411764705976,120.0
0.05,C,up,rising,holdout,-0.022206800832755058,-0.05412907702984038,-0.10270645385149202,-0.14920194309507284,192.0
0.05,A,down,falling,holdout,0.050293378038558156,0.04191114836546528,0.011735121542330251,0.054484492875104706,96.0
0.05,B,down,flat,holdout,-0.04133998574483255,-0.06272273699215958,0.0014255167498218313,-0.058446186742694084,120.0
0.05,C,down,falling,holdout,0.07415902140672781,0.05428134556574915,-0.015290519877675823,-0.07339449541284415,192.0
0.05,A,down,rising,holdout,0.12262958280657399,0.11504424778761058,0.06447534766118834,0.11630847029077107,96.0
0.05,B,down,falling,holdout,-0.010101010101010055,-0.03815937149270476,0.02020202020202011,-0.05499438832772163,120.0
0.05,C,down,falling,holdout,0.010804321728691502,0.091236494597839,0.03241296518607428,0.03001200480192079,192.0
0.05,A,up,falling,holdout,-0.034103410341034146,-0.028602860286028542,-0.024202420242024236,-0.053905390539053966,96.0
0.05,B,up,falling,holdout,0.12926829268292694,0.06219512195121979,0.07439024390243909,0.05853658536585371,120.0
0.05,C,up,rising,holdout,-0.018358531317494542,-0.04535637149028082,0.009719222462202914,-0.006479481641468721,192.0
0.05,A,down,falling,holdout,0.031105990783410142,0.07718894009216593,-0.019585253456221197,0.05990783410138234,96.0
0.05,B,down,rising,holdout,-0.016042780748663166,-0.07058823529411762,-0.03743315508021383,-0.051336898395721975,120.0
0.05,C,down,falling,holdout,0.04230317273795525,0.057579318448883754,0.11633372502937722,0.16568742655699187,192.0
0.05,A,up,rising,holdout,-0.013104838709677491,-0.08770161290322576,-0.08165322580645162,-0.08165322580645162,96.0
0.05,B,up,falling,holdout,0.04833141542002295,0.07940161104718091,-0.032220943613348596,-0.013808975834292192,120.0
0.05,C,up,falling,holdout,-0.04904051172707902,-0.10021321961620477,-0.046908315565032166,-0.07985074626865674,192.0
0.05,A,down,falling,holdout,0.024970273483947647,0.06302021403091551,0.04875148632580273,0.026278240190249713,96.0
0.05,B,down,rising,holdout,-0.04607600387555166,-0.02206911400581335,-0.028743675314888528,-0.0597480891376897,120.0
0.05,C,down,falling,holdout,0.07121593771467816,0.06033890542706666,0.03743989008472637,0.06274330203801237,192.0
0.05,A,up,rising,holdout,-0.034436121514773155,-0.03433208489388262,-0.024656679151061178,-0.022471910112359494,96.0
0.05,B,up,falling,holdout,0.024390243902439046,0.025383511753669596,0.04668358900783587,0.03465401169848814,120.0
0.05,C,up,rising,holdout,-0.011660447761194015,-0.046828358208955256,-0.10764925373134326,-0.10391791044776122,192.0
0.05,A,down,rising,holdout,0.004207954391203916,0.08551649246640425,0.06800597258042629,0.06406949911768711,96.0
0.05,B,down,falling,holdout,-0.01975740902838563,-0.01375515818431916,0.03776416156058526,-0.0016256096036013634,120.0
0.05,C,down,rising,holdout,0.04325396825396832,0.05608465608465618,0.06957671957671963,0.060052910052909914,192.0
0.05,A,down,rising,holdout,0.021796473691517493,0.10717756490351227,0.09135082604470357,0.11148132722476745,96.0
0.05,B,down,falling,holdout,-0.0050862175908696905,-0.05197866269693585,-0.007319191167348915,-0.011288921969978882,120.0
0.05,C,down,rising,holdout,0.011646165925150331,0.035461920963098637,0.1173776498298873,0.09159905783826217,192.0
0.05,1,up,rising,holdout,-0.05041921595286658,-0.055744391570360374,-0.05041921595286658,-0.07398595060049862,120.0
0.05,2,up,falling,holdout,0.03892401140448731,0.010288831040039748,0.029874798562042892,0.07512086277426544,264.0
0.05,3,up,rising,holdout,-0.02860240160106753,-0.030353569046030704,-0.046697798532354895,-0.05878919279519679,96.0
0.05,4,up,falling,holdout,0.02976876052095312,0.012846637724816201,-0.004607070080623887,0.012846637724816201,72.0
0.05,5,up,falling,holdout,-0.04045660567399689,-0.06454591237199936,-0.006462984723854315,-0.02341782776565382,192.0
0.08,A,up,rising,train,-0.036778855442636926,-0.14864562000077286,-0.12955678349240707,-0.12955678349240707,168.0
0.08,B,up,falling,train,0.0019169814185664436,0.04415700267618217,0.06717026970599971,0.10782545979084035,252.0
0.08,C,up,falling,train,-0.054515248407536965,-0.07048579514622277,-0.014843508678193174,0.016237696501173016,360.0
0.08,1,up,rising,train,-0.06445429013814508,-0.12872760421205032,0.02322526157744087,-0.07609038078704489,144.0
0.08,2,up,falling,train,0.06499161448155966,0.06041419845214091,0.14557721600787787,0.46156509162525206,384.0
0.08,3,up,rising,train,-0.04443192816005337,-0.08167272208031229,-0.11834235034666574,-0.017416586015960855,120.0
0.08,4,up,falling,train,0.11688154626930136,0.12808983911024718,0.2576568405139834,-0.04480293704783489,120.0
0.08,5,up,falling,train,-0.14894268725519844,-0.0781603562280564,0.12042606468311257,-0.060019679838885676,360.0
0.08,A,up,falling,train,-0.017926830101765323,-0.1501534339823808,-0.24526883410676825,-0.24526883410676825,168.0
0.08,B,up,flat,train,0.11158652540070646,0.10659241148238707,-0.05131757674544957,0.022249388753056376,252.0
0.08,C,up,rising,train,-0.038510411462246874,-0.15175202898607743,-0.21262751238242117,-0.19571503318370842,360.0
0.08,A,down,falling,train,0.08567873970111362,0.1733110825759583,0.06884077884312712,0.06884077884312712,168.0
0.08,B,down,flat,train,-0.10240928468329358,-0.17531720989560606,-0.18743915947769452,0.013636668792588402,252.0
0.08,C,down,falling,train,0.049247118602057105,0.18863345313339108,0.29515739248977546,0.16751869294005872,360.0
0.08,A,up,rising,train,-0.05229444109191628,-0.0561250688725885,-0.152550440971975,-0.152550440971975,168.0
0.08,B,up,falling,train,0.046042185433685656,0.11274364542652049,-0.11681269543602979,-0.20087396117595535,252.0
0.08,C,up,flat,train,-0.08695565766252766,-0.13935084344245352,-0.269321271284799,-0.24487654419129679,360.0
0.08,A,down,falling,train,0.1816949152542373,0.00745762711864395,0.03457627118644058,0.03457627118644058,168.0
0.08,B,down,rising,train,-0.1709695926563397,-0.05737234652897305,-0.20826161790017206,-0.22891566265060248,252.0
0.08,C,down,rising,train,0.02837370242214532,0.1806228373702421,-0.12525951557093418,-0.03667820069204153,360.0
0.08,A,down,falling,train,0.03876582278481022,0.03164556962025311,0.10996835443037956,0.10996835443037956,168.0
0.08,B,down,falling,train,-0.08182989690721643,-0.13595360824742264,-0.16881443298969068,-0.31056701030927836,252.0
0.08,C,down,rising,train,0.15736505032021975,0.1582799634034766,0.11985361390667881,0.37419945105215,360.0
0.08,1,up,falling,train,-0.009296148738379806,-0.033200531208499307,-0.02058432934926957,-0.050464807436918946,144.0
0.08,2,up,falling,train,0.01319648093841641,0.16422287390029333,0.22727272727272707,0.18035190615835783,384.0
0.08,3,up,rising,train,-0.022413793103448154,-0.09482758620689646,-0.09770114942528729,-0.08793103448275863,120.0
0.08,4,up,falling,train,0.03590078328981727,0.024804177545691752,0.0013054830287206887,0.09203655352480422,120.0
0.08,5,up,rising,train,-0.07172743574417217,-0.07172743574417217,-0.10101613867304249,-0.18888224745965332,360.0
0.08,A,down,falling,train,0.0535714285714286,0.0652173913043479,0.0854037267080745,0.0854037267080745,168.0
0.08,B,down,flat,train,-0.03497409326424861,-0.1295336787564767,-0.15867875647668395,-0.1792746113989636,252.0
0.08,C,down,rising,train,0.10055770055770052,0.12715572715572732,0.17589017589017586,0.1519519519519521,360.0
0.08,1,up,flat,train,-0.07567512587092506,-0.07013171947312213,-0.09286477139805727,-0.07867568529725888,144.0
0.08,2,up,falling,train,0.042290467050543734,0.048240563019833704,0.4035188739603326,0.6495201535508637,384.0
0.08,3,up,rising,train,-0.06315174772670396,-0.05597730875114704,0.10357053474597477,0.07541503295236507,120.0
0.08,4,up,falling,train,0.040503884878856145,0.18532481265229173,0.2323111581076731,0.2163578686037424,120.0
0.08,5,up,rising,train,-0.0862617329920099,-0.037468000930882095,-0.0929330540687302,-0.08893801877278718,360.0
0.08,A,down,falling,train,0.011756227196973112,0.03837664970046406,0.12134588532048096,0.12134588532048096,168.0
0.08,B,down,rising,train,-0.009193663933773855,-0.062126880522168304,-0.06550983045450931,-0.13277083499164222,252.0
0.08,C,down,rising,train,0.045680238331678114,0.07596822244289969,0.13108242303872886,-0.14150943396226423,360.0
0.08,A,down,rising,train,0.10406976744186047,0.11046511627906996,-0.022674418604651247,-0.022674418604651247,168.0
0.08,B,down,falling,train,-0.03729838709677413,-0.12147177419354838,-0.05947580645161288,-0.10635080645161288,252.0
0.08,C,down,flat,train,0.012650602409638445,0.12409638554216862,0.07831325301204806,0.033132530120481674,360.0
0.08,1,down,flat,train,0.028610354223433276,0.07629427792915533,0.04087193460490468,0.11444141689373288,144.0
0.08,2,down,falling,train,-0.0660146699266504,-0.11124694376528121,-0.1852078239608802,-0.17787286063569685,384.0
0.08,3,down,rising,train,0.004950495049504955,0.06930693069306937,0.08333333333333348,0.10973597359735976,120.0
0.08,4,down,falling,train,-0.008178438661709975,-0.0342007434944237,0.0884758364312268,-0.10185873605947948,120.0
0.08,5,down,rising,holdout,0.11423841059602657,0.18046357615894038,0.13907284768211925,0.07036423841059603,360.0
0.08,A,up,rising,holdout,-0.02595628415300555,-0.049180327868852514,-0.037568306010928976,-0.037568306010928976,168.0
0.08,B,up,falling,holdout,0.050293378038558156,0.04191114836546528,0.011735121542330251,0.04861693210393958,252.0
0.08,C,up,flat,holdout,-0.0226789510985117,-0.026222537207654106,-0.12119064493267184,-0.21190644932671865,360.0
0.08,A,down,rising,holdout,0.12262958280657399,0.11504424778761058,0.06447534766118834,0.06447534766118834,168.0
0.08,B,down,falling,holdout,-0.034103410341034146,-0.028602860286028542,-0.024202420242024236,-0.047304730473047285,252.0
0.08,C,down,falling,holdout,0.12926829268292694,0.06219512195121979,0.07439024390243909,0.09756097560975618,360.0
0.08,A,up,flat,holdout,-0.016042780748663166,-0.07058823529411762,-0.03743315508021383,-0.03743315508021383,168.0
0.08,B,up,falling,holdout,0.04230317273795525,0.057579318448883754,0.11633372502937722,0.06815511163337251,252.0
0.08,C,up,rising,holdout,-0.013104838709677491,-0.08770161290322576,-0.08165322580645162,-0.11491935483870974,360.0
0.08,A,down,rising,holdout,0.004207954391203916,0.08551649246640425,0.06800597258042629,0.06800597258042629,168.0
0.08,B,down,falling,holdout,-0.0025304253524519593,-0.0343414869261357,-0.05109049283046141,-0.13881190504880103,252.0
0.08,C,down,rising,holdout,0.021796473691517493,0.10717756490351227,0.09135082604470357,0.18547827294182961,360.0
0.08,A,up,rising,holdout,-0.05041921595286658,-0.055744391570360374,-0.05041921595286658,-0.05041921595286658,168.0
0.08,B,up,falling,holdout,0.03892401140448731,0.010288831040039748,0.029874798562042892,0.10028511218544689,252.0
0.08,C,up,flat,holdout,-0.03694190526554364,-0.10825715796630653,-0.12533051295610798,-0.12533051295610798,360.0
0.12,A,up,rising,train,-0.036778855442636926,-0.14864562000077286,-0.12955678349240707,-0.13767919935082507,216.0
0.12,B,up,falling,train,0.0019169814185664436,0.04415700267618217,0.06717026970599971,0.10221686564048049,360.0
0.12,C,up,flat,train,-0.07838627413002774,-0.0967460778617083,-0.017625411582413264,0.33623862095680823,552.0
0.12,1,up,rising,train,-0.06445429013814508,-0.12872760421205032,0.02322526157744087,-0.026610184260444703,120.0
0.12,2,up,falling,train,0.06499161448155966,0.06041419845214091,0.14557721600787787,1.2512732140384348,744.0
0.12,3,up,rising,train,-0.14894268725519844,-0.0781603562280564,0.12042606468311257,-0.12729103571852463,264.0
0.12,4,up,rising,train,0.08869465345102001,0.31188051656779026,0.2595997323108088,0.11011883229633912,312.0
0.12,5,up,falling,train,-0.017926830101765323,-0.1501534339823808,-0.24526883410676825,-0.26898104799852385,552.0
0.12,A,down,flat,train,0.11158652540070646,0.10659241148238707,-0.05131757674544957,-0.09380150321470615,216.0
0.12,B,down,rising,train,-0.038510411462246874,-0.15175202898607743,-0.21262751238242117,-0.19571503318370842,360.0
0.12,C,down,falling,train,0.08567873970111362,0.1733110825759583,0.06884077884312712,0.2825579710506989,552.0
0.12,A,down,falling,train,0.1816949152542373,0.00745762711864395,0.03457627118644058,-0.14305084745762708,216.0
0.12,B,down,rising,train,-0.1709695926563397,-0.05737234652897305,-0.20826161790017206,-0.19506597819850835,360.0
0.12,C,down,rising,train,0.02837370242214532,0.1806228373702421,-0.12525951557093418,0.05536332179930792,552.0
0.12,A,down,falling,train,0.03876582278481022,0.03164556962025311,0.10996835443037956,0.18908227848101244,216.0
0.12,B,down,falling,train,-0.08182989690721643,-0.13595360824742264,-0.16881443298969068,-0.18427835051546393,360.0
0.12,C,down,rising,train,0.15736505032021975,0.1582799634034766,0.11985361390667881,0.3494967978042087,552.0
0.12,A,up,flat,train,-0.022413793103448154,-0.09482758620689646,-0.09770114942528729,-0.03850574712643673,216.0
0.12,B,up,flat,train,0.0535714285714286,0.0652173913043479,0.0854037267080745,-0.028804347826086985,360.0
0.12,C,up,flat,train,-0.03497409326424861,-0.1295336787564767,-0.15867875647668395,-0.1150259067357513,552.0
0.12,1,up,flat,train,-0.07567512587092506,-0.07013171947312213,-0.09286477139805727,-0.021970197833494298,120.0
0.12,2,up,falling,train,0.042290467050543734,0.048240563019833704,0.4035188739603326,0.502815099168266,744.0
0.12,3,up,rising,train,-0.019400089538874732,-0.12751828085360395,-0.1259886584091926,-0.12367557081032676,264.0
0.12,4,up,falling,train,0.011756227196973112,0.03837664970046406,0.12134588532048096,0.057610017566776195,312.0
0.12,5,up,rising,train,-0.009193663933773855,-0.062126880522168304,-0.06550983045450931,-0.12401496457852423,552.0
0.12,1,down,rising,train,0.045680238331678114,0.07596822244289969,0.13108242303872886,0.05809334657398213,120.0
0.12,2,down,rising,train,-0.06718014548566542,-0.05862216516902019,-0.15104835258878913,-0.36927685066324345,744.0
0.12,3,down,rising,train,0.10406976744186047,0.11046511627906996,-0.022674418604651247,0.0,264.0
0.12,4,down,falling,train,-0.03729838709677413,-0.12147177419354838,-0.05947580645161288,-0.06502016129032251,312.0
0.12,5,down,flat,train,0.012650602409638445,0.12409638554216862,0.07831325301204806,-0.04096385542168679,552.0
0.12,A,down,flat,holdout,0.11423841059602657,0.18046357615894038,0.13907284768211925,0.16639072847682113,216.0
0.12,B,down,rising,holdout,-0.02595628415300555,-0.049180327868852514,-0.037568306010928976,-0.1851092896174864,360.0
0.12,C,down,falling,holdout,0.050293378038558156,0.04191114836546528,0.011735121542330251,0.10142497904442593,552.0
0.12,A,down,rising,holdout,0.12262958280657399,0.11504424778761058,0.06447534766118834,0.1491782553729455,216.0
0.12,B,down,falling,holdout,-0.013104838709677491,-0.08770161290322576,-0.08165322580645162,-0.11491935483870974,360.0
0.12,C,down,falling,holdout,0.024970273483947647,0.06302021403091551,0.04875148632580273,0.11724137931034484,552.0
0.12,A,down,rising,holdout,0.004207954391203916,0.08551649246640425,0.06800597258042629,0.11049273788516345,216.0
0.12,B,down,falling,holdout,-0.0025304253524519593,-0.0343414869261357,-0.05109049283046141,-0.13206410410892866,360.0
0.12,C,down,rising,holdout,0.021796473691517493,0.10717756490351227,0.09135082604470357,0.17589893100097176,552.0
